/*
 Navicat Premium Data Transfer

 Source Server         : local
 Source Server Type    : MySQL
 Source Server Version : 80017
 Source Host           : localhost:3306
 Source Schema         : xinqu

 Target Server Type    : MySQL
 Target Server Version : 80017
 File Encoding         : 65001

 Date: 17/07/2020 01:01:03
*/

SET NAMES utf8mb4;
SET FOREIGN_KEY_CHECKS = 0;

-- ----------------------------
-- Table structure for xq_admin
-- ----------------------------
DROP TABLE IF EXISTS `xq_admin`;
CREATE TABLE `xq_admin`  (
  `id` bigint(20) UNSIGNED NOT NULL AUTO_INCREMENT,
  `username` varchar(255) CHARACTER SET utf8mb4 COLLATE utf8mb4_bin NULL DEFAULT '' COMMENT '用户名',
  `password` varchar(255) CHARACTER SET utf8mb4 COLLATE utf8mb4_bin NULL DEFAULT '' COMMENT '密码',
  `sex` varchar(100) CHARACTER SET utf8mb4 COLLATE utf8mb4_bin NULL DEFAULT 'secret' COMMENT '性别: male-男 female-女 secret-保密 both-两性 shemale-人妖',
  `birthday` date NULL DEFAULT NULL COMMENT '生日',
  `avatar` varchar(500) CHARACTER SET utf8mb4 COLLATE utf8mb4_bin NULL DEFAULT NULL COMMENT '头像',
  `last_time` datetime(0) NULL DEFAULT NULL COMMENT '最近登录时间',
  `last_ip` varchar(100) CHARACTER SET utf8mb4 COLLATE utf8mb4_bin NULL DEFAULT NULL COMMENT '最近登录ip',
  `phone` varchar(50) CHARACTER SET utf8mb4 COLLATE utf8mb4_bin NULL DEFAULT '' COMMENT '手机',
  `email` varchar(50) CHARACTER SET utf8mb4 COLLATE utf8mb4_bin NULL DEFAULT NULL COMMENT '电子邮件',
  `role_id` bigint(20) UNSIGNED NULL DEFAULT 0 COMMENT 'xq_role.id',
  `is_root` tinyint(4) NULL DEFAULT 0 COMMENT '是否超级管理员：0-否 1-是',
  `created_at` datetime(0) NULL DEFAULT CURRENT_TIMESTAMP(0) COMMENT '注册时间',
  `updated_at` datetime(0) NULL DEFAULT CURRENT_TIMESTAMP(0) ON UPDATE CURRENT_TIMESTAMP(0),
  PRIMARY KEY (`id`) USING BTREE
) ENGINE = InnoDB AUTO_INCREMENT = 1 CHARACTER SET = utf8mb4 COLLATE = utf8mb4_bin COMMENT = '后台用户' ROW_FORMAT = Dynamic;

-- ----------------------------
-- Records of xq_admin
-- ----------------------------
INSERT INTO `xq_admin` VALUES (1, 'yueshu', '$2y$10$9OFaz7pnunJ/JZQJ77oSDOMcrgTfREXYwTPUApGPvUH38sgCt.tGS', 'secret', '1996-11-07', '20200616/OwhONB25jmRYF4WK4VIPJM3ro4ESFJXKk3nck9t4.jpeg', '2020-07-16 13:07:46', '127.0.0.1', '13375086826', 'A576236148946@126.com', 1, 1, '2020-06-07 20:55:34', '2020-07-16 13:07:46');

-- ----------------------------
-- Table structure for xq_admin_land_log
-- ----------------------------
DROP TABLE IF EXISTS `xq_admin_land_log`;
CREATE TABLE `xq_admin_land_log`  (
  `id` bigint(20) UNSIGNED NOT NULL AUTO_INCREMENT,
  `user_id` bigint(20) UNSIGNED NULL DEFAULT 0 COMMENT 'xq_admin.id',
  `ip` varchar(100) CHARACTER SET utf8mb4 COLLATE utf8mb4_bin NULL DEFAULT NULL COMMENT '登录ip',
  `duration` int(11) NULL DEFAULT NULL COMMENT '登录时长，单位 s',
  `created_at` datetime(0) NULL DEFAULT CURRENT_TIMESTAMP(0) COMMENT '登录时间',
  PRIMARY KEY (`id`) USING BTREE
) ENGINE = InnoDB CHARACTER SET = utf8mb4 COLLATE = utf8mb4_bin COMMENT = '管理员登录日志表' ROW_FORMAT = Dynamic;

-- ----------------------------
-- Table structure for xq_admin_permission
-- ----------------------------
DROP TABLE IF EXISTS `xq_admin_permission`;
CREATE TABLE `xq_admin_permission`  (
  `id` bigint(20) UNSIGNED NOT NULL AUTO_INCREMENT,
  `cn` varchar(255) CHARACTER SET utf8mb4 COLLATE utf8mb4_bin NULL DEFAULT '' COMMENT '中文名',
  `en` varchar(255) CHARACTER SET utf8mb4 COLLATE utf8mb4_bin NULL DEFAULT '' COMMENT '英文名',
  `value` varchar(255) CHARACTER SET utf8mb4 COLLATE utf8mb4_bin NULL DEFAULT '' COMMENT '实际权限',
  `description` varchar(500) CHARACTER SET utf8mb4 COLLATE utf8mb4_bin NULL DEFAULT '' COMMENT '描述',
  `type` varchar(255) CHARACTER SET utf8mb4 COLLATE utf8mb4_bin NULL DEFAULT '' COMMENT '类型：api-接口 client-客户端',
  `method` varchar(100) CHARACTER SET utf8mb4 COLLATE utf8mb4_bin NULL DEFAULT 'GET' COMMENT '仅在 type=api 的时候有效！GET|POST|PUT|PATCH|DELETE ...',
  `is_menu` tinyint(4) NULL DEFAULT 0 COMMENT '仅在 type=client 的时候有效，是否在菜单列表显示：0-否 1-是',
  `is_view` tinyint(4) NULL DEFAULT 0 COMMENT '仅在 type=client 的时候有效，是否是一个视图：0-否 1-是',
  `enable` tinyint(4) NULL DEFAULT 1 COMMENT '是否启用：0-否 1-是',
  `p_id` bigint(20) UNSIGNED NULL DEFAULT 0 COMMENT 'xq_admin_permission.id',
  `weight` smallint(6) NULL DEFAULT 0 COMMENT '权重',
  `s_ico` varchar(500) CHARACTER SET utf8mb4 COLLATE utf8mb4_bin NULL DEFAULT '' COMMENT '小图标',
  `b_ico` varchar(500) CHARACTER SET utf8mb4 COLLATE utf8mb4_bin NULL DEFAULT '' COMMENT '大图标',
  `created_at` datetime(0) NULL DEFAULT CURRENT_TIMESTAMP(0),
  `updated_at` datetime(0) NULL DEFAULT CURRENT_TIMESTAMP(0) ON UPDATE CURRENT_TIMESTAMP(0),
  PRIMARY KEY (`id`) USING BTREE
) ENGINE = InnoDB AUTO_INCREMENT = 19 CHARACTER SET = utf8mb4 COLLATE = utf8mb4_bin COMMENT = '后台用户-权限表' ROW_FORMAT = Dynamic;

-- ----------------------------
-- Records of xq_admin_permission
-- ----------------------------
INSERT INTO `xq_admin_permission` VALUES (1, '控制台', 'Pannel', '/pannel', '', 'view', 'GET', 1, 1, 0, 0, 0, '20200614/6wztSYg0R9BgCCdhdRe4oPBAG4oefs9QVjSDAH2l.png', '20200614/6wztSYg0R9BgCCdhdRe4oPBAG4oefs9QVjSDAH2l.png', '2020-06-07 20:46:36', '2020-06-16 22:00:56');
INSERT INTO `xq_admin_permission` VALUES (2, '权限管理', 'Permission', 'permission', '', 'view', 'GET', 1, 1, 1, 0, 0, '20200611/SnGQCl7dxDdCbnDZ8Cu6JRSwK0fjKcqKb4c8in27.png', '20200611/SnGQCl7dxDdCbnDZ8Cu6JRSwK0fjKcqKb4c8in27.png', '2020-06-07 20:46:36', '2020-06-26 10:24:39');
INSERT INTO `xq_admin_permission` VALUES (3, '角色列表', '', '/role/index', '', 'view', 'GET', 1, 1, 1, 2, 2, '', '', '2020-06-07 20:46:36', '2020-06-14 15:09:53');
INSERT INTO `xq_admin_permission` VALUES (4, '权限列表', '', '/admin_permission/list', '', 'view', 'GET', 1, 1, 1, 2, 2, '', '', '2020-06-07 20:46:36', '2020-06-26 10:24:31');
INSERT INTO `xq_admin_permission` VALUES (5, '用户管理', '', '/user/index', '', 'view', 'GET', 1, 1, 1, 0, 14, '20200619/lJaIb6dJDLbb9JqmNpra6M9AfnwFN9YPvHFQG5jC.png', '20200619/rdkqSwB1UEuzgmgejApBId46rHIvkCIUUhXNoBzF.png', '2020-06-07 20:46:36', '2020-06-19 10:08:44');
INSERT INTO `xq_admin_permission` VALUES (7, '模块管理', '', '/module/index', '', 'view', 'GET', 1, 1, 1, 0, 10, '20200613/I28zlB1gm3S5F8OCcmKiC6KEaX85ZCrgL0QM7wgc.png', '20200613/I28zlB1gm3S5F8OCcmKiC6KEaX85ZCrgL0QM7wgc.png', '2020-06-07 20:46:36', '2020-06-16 22:00:46');
INSERT INTO `xq_admin_permission` VALUES (8, '模块列表', '', '/module/index', '', 'view', 'GET', 1, 1, 0, 7, 0, '0', '', '2020-06-07 20:46:36', '2020-06-14 22:26:18');
INSERT INTO `xq_admin_permission` VALUES (9, '系统管理', 'System', '/system/index', '', 'view', 'GET', 1, 0, 1, 0, 0, '20200623/FyNZxSZURNxiqyrZsN8489YosDqKSX2ZHbjZL1a0.png', '20200623/vXE8PSLwSy51uizLNqs7S4A6ODejGI6LH2FzkjMZ.png', '2020-06-12 19:49:29', '2020-07-13 19:38:20');
INSERT INTO `xq_admin_permission` VALUES (11, '个性标签', 'Tag', '/tag/index', '', 'view', 'GET', 1, 1, 1, 0, 11, '20200613/tSKplyTxG6M9FMVZ9Hq7IjBQmmxBBz8UDJutITcI.png', '20200613/tSKplyTxG6M9FMVZ9Hq7IjBQmmxBBz8UDJutITcI.png', '2020-06-13 22:47:07', '2020-06-16 22:00:41');
INSERT INTO `xq_admin_permission` VALUES (12, '内容分类', 'Category', '/category/index', '', 'view', 'GET', 1, 1, 1, 0, 12, '20200614/ulRqdRcnlBi0aiXS77bgt4iAKv3R7nNFvx2tnPbU.png', '20200614/ulRqdRcnlBi0aiXS77bgt4iAKv3R7nNFvx2tnPbU.png', '2020-06-13 23:01:15', '2020-06-16 22:00:37');
INSERT INTO `xq_admin_permission` VALUES (13, '关联主体', 'Subject', '/subject/index', '', 'view', 'GET', 1, 1, 1, 0, 13, '20200614/Yu9PBltXZSYIWyQKIEePcLWYez66t4Bh6WessIMd.png', '20200614/Yu9PBltXZSYIWyQKIEePcLWYez66t4Bh6WessIMd.png', '2020-06-13 23:02:11', '2020-06-16 22:00:32');
INSERT INTO `xq_admin_permission` VALUES (14, '图片专题', 'Image Subject', '/image_subject/index', '', 'view', 'GET', 1, 1, 1, 0, 20, '20200614/bOHFTGPz8raGv5wxpLWTQZQupbIzi6Hlsu4Kar2a.png', '20200614/bOHFTGPz8raGv5wxpLWTQZQupbIzi6Hlsu4Kar2a.png', '2020-06-13 23:04:32', '2020-07-13 12:14:43');
INSERT INTO `xq_admin_permission` VALUES (15, '后台用户', '', '/admin/index', '', 'view', 'GET', 1, 1, 1, 0, 16, '20200619/tbw1fNzsU4epnoNiKpRRgnxZalpwhBCJYXFUWZCv.png', '20200619/UV4ii4Jwn2y92JWg3KOo2zeFXTWqsEXYrOnM6uxT.png', '2020-06-16 22:22:39', '2020-06-19 10:06:06');
INSERT INTO `xq_admin_permission` VALUES (17, '系统位置', 'Position', '/position/index', '', 'view', 'GET', 1, 1, 1, 9, 0, '', '', '2020-06-24 00:38:07', '2020-06-24 02:42:33');
INSERT INTO `xq_admin_permission` VALUES (18, '定点图片', 'Image At Position', '/image_at_position/index', '', 'view', 'GET', 1, 1, 1, 9, 0, '', '', '2020-06-24 00:38:38', '2020-06-24 02:42:43');
INSERT INTO `xq_admin_permission` VALUES (19, '导航菜单', 'Nav', '/nav/index', '', 'view', 'GET', 1, 1, 1, 9, 0, '', '', '2020-07-13 19:34:58', '2020-07-13 19:35:19');

-- ----------------------------
-- Table structure for xq_admin_token
-- ----------------------------
DROP TABLE IF EXISTS `xq_admin_token`;
CREATE TABLE `xq_admin_token`  (
  `id` bigint(20) UNSIGNED NOT NULL AUTO_INCREMENT,
  `user_id` bigint(20) UNSIGNED NULL DEFAULT 0 COMMENT 'xq_admin_user.id',
  `token` varchar(500) CHARACTER SET utf8mb4 COLLATE utf8mb4_0900_ai_ci NULL DEFAULT NULL COMMENT 'token',
  `expired` datetime(0) NOT NULL COMMENT '过期时间',
  `created_at` datetime(0) NULL DEFAULT CURRENT_TIMESTAMP(0),
  PRIMARY KEY (`id`) USING BTREE,
  UNIQUE INDEX `token`(`token`) USING BTREE
) ENGINE = InnoDB AUTO_INCREMENT = 73 CHARACTER SET = utf8mb4 COLLATE = utf8mb4_0900_ai_ci COMMENT = '后台用户登录表' ROW_FORMAT = Dynamic;

-- ----------------------------
-- Records of xq_admin_token
-- ----------------------------
INSERT INTO `xq_admin_token` VALUES (1, 1, '6Xa5l1D76P1zA1HGx5295Jb1s10j1ovn', '2020-06-14 09:14:31', '2020-06-07 17:14:31');
INSERT INTO `xq_admin_token` VALUES (2, 1, 'M6uMx90Y3jpSs90pQ98k8j48jpDrt9I6', '2020-06-14 10:43:01', '2020-06-07 18:43:01');
INSERT INTO `xq_admin_token` VALUES (3, 1, '05ubI0t5v5v2n3la93o20SM83u58wW4o', '2020-06-14 10:44:10', '2020-06-07 18:44:10');
INSERT INTO `xq_admin_token` VALUES (4, 1, 'R6w03Pi3xaVbc760pr4uK06Sg064sV83', '2020-06-15 04:26:40', '2020-06-08 12:26:40');
INSERT INTO `xq_admin_token` VALUES (5, 1, 'cTmu37x61qzHulIzv074dKa5P84f0j80', '2020-06-15 06:50:16', '2020-06-08 14:50:16');
INSERT INTO `xq_admin_token` VALUES (6, 1, 'n9309GoG1I80iY7La4ohMP034Ph4jB6s', '2020-06-15 06:50:32', '2020-06-08 14:50:32');
INSERT INTO `xq_admin_token` VALUES (7, 1, 'kWPAuxZcbi69f1kk23683096M6lT1xtG', '2020-06-15 07:07:37', '2020-06-08 15:07:37');
INSERT INTO `xq_admin_token` VALUES (8, 1, 'EE1X9m233ai08ZrUr8167WUxm577Gb94', '2020-06-15 08:09:45', '2020-06-08 16:09:45');
INSERT INTO `xq_admin_token` VALUES (9, 1, '05L4abbRfsHpZ34040KW48626wvB9m8r', '2020-06-15 08:35:19', '2020-06-08 16:35:19');
INSERT INTO `xq_admin_token` VALUES (10, 1, 'e0242HHzbxdPRE33zH920B4DA7H67850', '2020-06-15 10:00:42', '2020-06-08 18:00:42');
INSERT INTO `xq_admin_token` VALUES (11, 1, '7179B5t3cNG1A7c59y4lHeCYS62aE0dV', '2020-06-15 10:29:10', '2020-06-08 18:29:10');
INSERT INTO `xq_admin_token` VALUES (12, 1, 'yFD3xNs970m2y9564320YrFS1unwpmFK', '2020-06-15 10:32:41', '2020-06-08 18:32:41');
INSERT INTO `xq_admin_token` VALUES (13, 1, '4Fl9745hyU676Kb94pE3gA386zxW21Xy', '2020-06-15 16:20:36', '2020-06-09 00:20:36');
INSERT INTO `xq_admin_token` VALUES (14, 1, 'x318mtS8i53OnVumRLe0u01P5H05296u', '2020-06-15 16:21:01', '2020-06-09 00:21:01');
INSERT INTO `xq_admin_token` VALUES (15, 1, '5Vqu3z8400T54hy776Pe533S9locJH51', '2020-06-16 14:51:34', '2020-06-09 22:51:34');
INSERT INTO `xq_admin_token` VALUES (16, 1, '96x2W97nRRXNP599O6479j7MJ9d4L42I', '2020-06-16 16:35:45', '2020-06-10 00:35:45');
INSERT INTO `xq_admin_token` VALUES (17, 1, 'O86126h214S3fhA2K31bUqI48O0q3m5n', '2020-06-16 18:11:31', '2020-06-10 02:11:31');
INSERT INTO `xq_admin_token` VALUES (18, 1, '6A422Yj5vC57cMzk3JR624551z9W6xF4', '2020-06-16 18:13:21', '2020-06-10 02:13:21');
INSERT INTO `xq_admin_token` VALUES (19, 1, 'G738d713H90FRw63cPjF9qF41f7tod29', '2020-06-17 09:04:10', '2020-06-10 17:04:10');
INSERT INTO `xq_admin_token` VALUES (20, 1, 'zin38Q0P85947605ZoS750TN48X60T75', '2020-06-17 12:14:01', '2020-06-10 20:14:01');
INSERT INTO `xq_admin_token` VALUES (21, 1, '66609543144a2511h21005945c7M1u7O', '2020-06-18 12:30:30', '2020-06-11 20:30:30');
INSERT INTO `xq_admin_token` VALUES (22, 1, '3z8v54i01A37J5864Qr64C0QdCeW2WIR', '2020-06-18 18:49:08', '2020-06-12 02:49:08');
INSERT INTO `xq_admin_token` VALUES (23, 1, 'wUT62634o2m1q514t899XC1jC24p81a4', '2020-06-18 19:15:17', '2020-06-12 03:15:17');
INSERT INTO `xq_admin_token` VALUES (24, 1, 'H87R4PIp051349Y5q7A62BUF5822EU1y', '2020-06-19 16:53:44', '2020-06-13 00:53:44');
INSERT INTO `xq_admin_token` VALUES (25, 1, 'L690f517493Dn068YcB2301071C49212', '2020-06-19 17:10:07', '2020-06-13 01:10:07');
INSERT INTO `xq_admin_token` VALUES (26, 1, '67V75Y00ngm9J05mH07574x5d23813H0', '2020-06-19 17:10:35', '2020-06-13 01:10:35');
INSERT INTO `xq_admin_token` VALUES (27, 1, 'tv89G830RI260695yQ40b8P1j76qI4Yk', '2020-06-20 01:21:28', '2020-06-13 09:21:28');
INSERT INTO `xq_admin_token` VALUES (28, 1, '4dU76R6c556kGtG103Sl88fcVyz5a70L', '2020-06-20 05:11:57', '2020-06-13 13:11:57');
INSERT INTO `xq_admin_token` VALUES (29, 1, 'yk1295WGDsQT6bEdg4845ctk2JP1EwRH', '2020-06-21 05:38:31', '2020-06-14 13:38:31');
INSERT INTO `xq_admin_token` VALUES (30, 1, 'c15937A487cEjlL3QT3rvm0QC20m499o', '2020-06-21 09:34:14', '2020-06-14 17:34:14');
INSERT INTO `xq_admin_token` VALUES (31, 1, 'Wf50LBc5m2u137u9LuE2YipX7b1M554G', '2020-06-21 13:13:37', '2020-06-14 21:13:37');
INSERT INTO `xq_admin_token` VALUES (32, 1, 'j1z02WZ910559OPfgb2W68CDV273481H', '2020-06-21 13:13:52', '2020-06-14 21:13:52');
INSERT INTO `xq_admin_token` VALUES (33, 1, '2f5b3698iW53UB6n111FHrn8xP3qZ174', '2020-06-22 17:27:16', '2020-06-16 01:27:16');
INSERT INTO `xq_admin_token` VALUES (34, 1, '66hs047T908o5vz9i1g3i70uyOI44Eb4', '2020-06-23 05:31:17', '2020-06-16 13:31:17');
INSERT INTO `xq_admin_token` VALUES (35, 1, 'a6Y5R119s05518mk15QNkdX8N2B71N6f', '2020-06-23 05:38:26', '2020-06-16 13:38:26');
INSERT INTO `xq_admin_token` VALUES (36, 1, '71i84o261fwd49796o8y984G86Txp9F5', '2020-06-23 05:40:36', '2020-06-16 13:40:36');
INSERT INTO `xq_admin_token` VALUES (37, 1, 'o87HZqhAs1M8L2V5kB181Jc83PY8J9nK', '2020-06-23 07:37:10', '2020-06-16 15:37:10');
INSERT INTO `xq_admin_token` VALUES (38, 1, 'r573kMxrD5rM4g9cK75738e1X2995Lc4', '2020-06-23 08:56:14', '2020-06-16 16:56:14');
INSERT INTO `xq_admin_token` VALUES (39, 1, 'e1kg56GU168j34i5mu931q1m29L536ok', '2020-06-23 14:59:54', '2020-06-16 22:59:54');
INSERT INTO `xq_admin_token` VALUES (40, 1, 'ayTa1w696yEh79d17675uw2T72jM4996', '2020-06-23 15:05:19', '2020-06-16 23:05:19');
INSERT INTO `xq_admin_token` VALUES (41, 1, '3Wmc6624p44z7be49986b61j5Nwh8H1h', '2020-06-23 15:06:06', '2020-06-16 23:06:06');
INSERT INTO `xq_admin_token` VALUES (42, 1, '862200539N36eUp1d2i3f740Z90203CY', '2020-06-23 15:18:08', '2020-06-16 23:18:08');
INSERT INTO `xq_admin_token` VALUES (43, 1, 'M3353e01p537K5Hk0K7i08t48300192D', '2020-06-23 15:28:36', '2020-06-16 23:28:36');
INSERT INTO `xq_admin_token` VALUES (44, 1, 'PQW8lZ5p9784X5n2b5n2L17211Oo402z', '2020-06-23 16:27:58', '2020-06-17 00:27:58');
INSERT INTO `xq_admin_token` VALUES (45, 1, '40vKe7u13I4jkKL0aCg04g8h11x4V765', '2020-06-24 02:28:19', '2020-06-17 10:28:19');
INSERT INTO `xq_admin_token` VALUES (46, 1, 'C9711QAGrNTZ212R3958so4Xo224D20k', '2020-06-24 03:47:35', '2020-06-17 11:47:35');
INSERT INTO `xq_admin_token` VALUES (47, 1, 'gG72osXa25F775jN6UU76z7360PWZe77', '2020-06-24 09:33:55', '2020-06-17 17:33:55');
INSERT INTO `xq_admin_token` VALUES (48, 1, '0Y05972h50kZbLJa5j6y0xh16882U431', '2020-06-24 11:37:36', '2020-06-17 19:37:36');
INSERT INTO `xq_admin_token` VALUES (49, 1, '21c2032H579em1A60sRj92QNMZ5S35s9', '2020-06-24 11:40:19', '2020-06-17 19:40:19');
INSERT INTO `xq_admin_token` VALUES (50, 1, '39xFLI98K40n2fzi27X5TCH36T53P69N', '2020-06-24 11:45:44', '2020-06-17 19:45:44');
INSERT INTO `xq_admin_token` VALUES (51, 1, '9V59sk00fi0iX7GTB56V123s2JQGOP9g', '2020-06-24 12:09:22', '2020-06-17 20:09:22');
INSERT INTO `xq_admin_token` VALUES (52, 1, '2934OAIr9S1OMu8sQ7L5UY9103aKH8CZ', '2020-06-24 12:11:03', '2020-06-17 20:11:03');
INSERT INTO `xq_admin_token` VALUES (53, 1, '0fuN3t64ci50o95C0DMPb8I66LmZI64R', '2020-06-24 12:11:57', '2020-06-17 20:11:57');
INSERT INTO `xq_admin_token` VALUES (54, 1, '6v01x842r3XLK14m6ki28DT84J1O2P6U', '2020-06-24 12:20:37', '2020-06-17 20:20:37');
INSERT INTO `xq_admin_token` VALUES (55, 1, '92ST8965258622WL8L4Y85n2F7Gg321B', '2020-06-25 05:56:57', '2020-06-18 13:56:57');
INSERT INTO `xq_admin_token` VALUES (56, 1, '8F4978srhO8O67l212B57Nq1C2ef8g62', '2020-06-25 12:33:10', '2020-06-18 20:33:10');
INSERT INTO `xq_admin_token` VALUES (57, 1, 'K358O7ay51696uhg4396436bdOzfkz6b', '2020-06-25 12:54:09', '2020-06-18 20:54:09');
INSERT INTO `xq_admin_token` VALUES (58, 1, '3Trp60H81P60476fR970zQ739la1Jc87', '2020-06-27 06:38:55', '2020-06-20 14:38:55');
INSERT INTO `xq_admin_token` VALUES (59, 1, 'c76J08i3U0pL38n16skvqs7iH55E7738', '2020-07-03 03:49:46', '2020-06-26 11:49:46');
INSERT INTO `xq_admin_token` VALUES (60, 1, '783H5E53973aM826aARet58DFULK1147', '2020-07-03 08:20:44', '2020-06-26 16:20:44');
INSERT INTO `xq_admin_token` VALUES (61, 1, '3388fuU1U2gE147609z98iJ2647nC8G0', '2020-07-07 08:08:46', '2020-06-30 16:08:46');
INSERT INTO `xq_admin_token` VALUES (62, 1, '85046Z619c8o7I366gH20910K01C8fp5', '2020-07-11 14:54:20', '2020-07-04 22:54:20');
INSERT INTO `xq_admin_token` VALUES (63, 1, 'b0DH829W0sw91o789gaWjc89CqL2fx23', '2020-07-19 16:00:07', '2020-07-12 16:00:07');
INSERT INTO `xq_admin_token` VALUES (64, 1, 'X68347Z820K9LOH3746dL07RI21327ZL', '2020-07-19 16:40:50', '2020-07-12 16:40:50');
INSERT INTO `xq_admin_token` VALUES (65, 1, 'Z06y1M2UiYf8E396t3S6k7zQuvG38Kp2', '2020-07-19 16:41:22', '2020-07-12 16:41:22');
INSERT INTO `xq_admin_token` VALUES (66, 1, 'W1X2MBwi96IZS437S4G1AbZg09fXD141', '2020-07-19 16:43:56', '2020-07-12 16:43:56');
INSERT INTO `xq_admin_token` VALUES (67, 1, '6Q93077xWp02F7g70048AB055A7P96U7', '2020-07-19 16:44:30', '2020-07-12 16:44:30');
INSERT INTO `xq_admin_token` VALUES (68, 1, '3xvs16z5p2Gp6Z1P1655A5496alvBsOc', '2020-07-19 16:53:38', '2020-07-12 16:53:38');
INSERT INTO `xq_admin_token` VALUES (69, 1, 'e0LP6d1lK8HCXQ6y03O1bY06pf811Z4d', '2020-07-19 16:53:56', '2020-07-12 16:53:56');
INSERT INTO `xq_admin_token` VALUES (70, 1, 'TRxM870o7S03S6TU592xhhXaeS5F7qL3', '2020-07-20 10:16:24', '2020-07-13 10:16:24');
INSERT INTO `xq_admin_token` VALUES (71, 1, '32S68t53c20F25w2p262mv3hc6Q1D34p', '2020-07-20 12:34:34', '2020-07-13 12:34:34');
INSERT INTO `xq_admin_token` VALUES (72, 1, 'M56u8o2Jd6mM84636Wqj19o0j2S7t6sk', '2020-07-20 21:04:41', '2020-07-13 21:04:41');
INSERT INTO `xq_admin_token` VALUES (73, 1, 'Ay6hWSDh01Y996qNjPtt8999L00MK986', '2020-07-22 12:13:59', '2020-07-15 12:13:59');
INSERT INTO `xq_admin_token` VALUES (74, 1, '3lEZ0S64ZXb0hO81087y8VqV84cnOs00', '2020-07-23 13:07:46', '2020-07-16 13:07:46');

-- ----------------------------
-- Table structure for xq_category
-- ----------------------------
DROP TABLE IF EXISTS `xq_category`;
CREATE TABLE `xq_category`  (
  `id` bigint(20) UNSIGNED NOT NULL AUTO_INCREMENT,
  `name` varchar(255) CHARACTER SET utf8mb4 COLLATE utf8mb4_bin NULL DEFAULT '' COMMENT '名称',
  `description` varchar(500) CHARACTER SET utf8mb4 COLLATE utf8mb4_bin NULL DEFAULT '' COMMENT '描述',
  `p_id` bigint(20) UNSIGNED NULL DEFAULT 0 COMMENT 'xq_category.id',
  `enable` tinyint(4) NULL DEFAULT 1 COMMENT '是否启用：0-否 1-是',
  `weight` int(11) NULL DEFAULT 0 COMMENT '权重',
  `created_at` datetime(0) NULL DEFAULT CURRENT_TIMESTAMP(0) COMMENT '创建时间',
  `updated_at` datetime(0) NULL DEFAULT CURRENT_TIMESTAMP(0) ON UPDATE CURRENT_TIMESTAMP(0),
  `module_id` bigint(20) UNSIGNED NULL DEFAULT 0 COMMENT 'xq_module.id',
  PRIMARY KEY (`id`) USING BTREE
) ENGINE = InnoDB AUTO_INCREMENT = 42 CHARACTER SET = utf8mb4 COLLATE = utf8mb4_bin COMMENT = '专题表' ROW_FORMAT = Dynamic;

-- ----------------------------
-- Records of xq_category
-- ----------------------------
INSERT INTO `xq_category` VALUES (16, '图片专区', '', 0, 1, 0, '2020-06-15 23:58:29', '2020-07-13 18:38:50', 1);
INSERT INTO `xq_category` VALUES (21, '二次元', '', 16, 1, 0, '2020-06-20 18:18:19', '2020-06-25 10:48:04', 1);
INSERT INTO `xq_category` VALUES (22, '三次元', '', 16, 1, 0, '2020-06-20 18:18:25', '2020-07-13 11:59:31', 1);
INSERT INTO `xq_category` VALUES (23, '萝莉', '', 21, 1, 0, '2020-06-20 18:18:44', '2020-06-25 10:49:23', 1);
INSERT INTO `xq_category` VALUES (24, '御姐', '', 21, 1, 0, '2020-06-20 18:18:48', '2020-06-25 10:50:10', 1);
INSERT INTO `xq_category` VALUES (25, '正太', '', 21, 1, 0, '2020-06-20 18:18:53', '2020-06-25 10:50:17', 1);
INSERT INTO `xq_category` VALUES (28, '秀人网', '', 30, 1, 0, '2020-06-22 12:49:40', '2020-06-25 10:50:39', 1);
INSERT INTO `xq_category` VALUES (29, '美媛馆', '', 28, 1, 0, '2020-06-22 12:49:48', '2020-06-25 10:50:44', 1);
INSERT INTO `xq_category` VALUES (30, '机构写真', '', 22, 1, 0, '2020-06-22 12:49:56', '2020-06-25 10:50:32', 1);
INSERT INTO `xq_category` VALUES (31, '其他图片', '', 22, 1, 0, '2020-06-22 12:50:15', '2020-06-25 10:51:12', 1);
INSERT INTO `xq_category` VALUES (32, '尤果网', '', 30, 1, 0, '2020-06-22 12:51:34', '2020-06-25 10:51:02', 1);
INSERT INTO `xq_category` VALUES (33, 'ROSI', '', 30, 1, 0, '2020-06-22 12:51:45', '2020-06-25 10:51:07', 1);
INSERT INTO `xq_category` VALUES (34, 'MFStar 模范学院', '', 28, 1, 0, '2020-06-24 00:42:46', '2020-06-25 10:50:51', 1);
INSERT INTO `xq_category` VALUES (35, 'HuaYang花漾', '', 28, 1, 0, '2020-06-24 03:41:15', '2020-06-25 10:50:57', 1);
INSERT INTO `xq_category` VALUES (36, '图片专区', '', 0, 1, 0, '2020-06-28 14:10:39', '2020-06-28 21:13:05', 3);
INSERT INTO `xq_category` VALUES (37, '二次元', '', 36, 1, 0, '2020-06-28 21:13:17', '2020-06-28 21:13:17', 3);
INSERT INTO `xq_category` VALUES (38, '三次元', '', 36, 1, 0, '2020-06-28 21:13:25', '2020-06-28 21:13:25', 3);
INSERT INTO `xq_category` VALUES (39, '琉璃神社', '', 37, 1, 0, '2020-06-28 21:13:43', '2020-06-28 21:13:43', 3);

-- ----------------------------
-- Table structure for xq_collection
-- ----------------------------
DROP TABLE IF EXISTS `xq_collection`;
CREATE TABLE `xq_collection`  (
  `id` bigint(20) UNSIGNED NOT NULL AUTO_INCREMENT,
  `user_id` bigint(20) UNSIGNED NULL DEFAULT 0 COMMENT 'xq_user.id',
  `collection_group_id` bigint(20) UNSIGNED NULL DEFAULT 0 COMMENT 'xq_collection_group.id',
  `relation_type` varchar(255) CHARACTER SET utf8mb4 COLLATE utf8mb4_bin NULL DEFAULT '' COMMENT '关联表类型: 比如 image_subject-图片专题',
  `relation_id` bigint(20) UNSIGNED NULL DEFAULT 0 COMMENT '关联表id',
  `module_id` bigint(20) UNSIGNED NULL DEFAULT 0 COMMENT 'xq_module.id',
  `created_at` datetime(0) NULL DEFAULT NULL,
  PRIMARY KEY (`id`) USING BTREE,
  UNIQUE INDEX `unique`(`user_id`, `relation_type`, `relation_id`, `module_id`, `collection_group_id`) USING BTREE
) ENGINE = InnoDB AUTO_INCREMENT = 158 CHARACTER SET = utf8mb4 COLLATE = utf8mb4_bin COMMENT = '我的收藏' ROW_FORMAT = Dynamic;

-- ----------------------------
-- Records of xq_collection
-- ----------------------------
INSERT INTO `xq_collection` VALUES (137, 1, 45, 'image_project', 19, 1, '2020-07-11 23:42:08');
INSERT INTO `xq_collection` VALUES (141, 1, 45, 'image_project', 17, 1, '2020-07-12 01:06:57');
INSERT INTO `xq_collection` VALUES (142, 1, 50, 'image_project', 29, 3, '2020-07-12 16:59:40');
INSERT INTO `xq_collection` VALUES (143, 1, 50, 'image_project', 24, 3, '2020-07-13 21:57:28');
INSERT INTO `xq_collection` VALUES (145, 1, 50, 'image_project', 30, 3, '2020-07-15 12:28:48');
INSERT INTO `xq_collection` VALUES (147, 1, 50, 'image_project', 27, 3, '2020-07-15 15:42:14');
INSERT INTO `xq_collection` VALUES (149, 1, 50, 'image_project', 23, 3, '2020-07-15 15:42:20');
INSERT INTO `xq_collection` VALUES (152, 1, 50, 'image_project', 21, 3, '2020-07-15 15:42:33');
INSERT INTO `xq_collection` VALUES (154, 1, 50, 'image_project', 22, 3, '2020-07-15 15:42:39');
INSERT INTO `xq_collection` VALUES (156, 1, 50, 'image_project', 26, 3, '2020-07-15 15:43:04');
INSERT INTO `xq_collection` VALUES (159, 1, 54, 'image_project', 19, 1, '2020-07-17 00:24:03');

-- ----------------------------
-- Table structure for xq_collection_group
-- ----------------------------
DROP TABLE IF EXISTS `xq_collection_group`;
CREATE TABLE `xq_collection_group`  (
  `id` bigint(20) UNSIGNED NOT NULL AUTO_INCREMENT,
  `name` varchar(500) CHARACTER SET utf8mb4 COLLATE utf8mb4_bin NULL DEFAULT '' COMMENT '名称',
  `user_id` bigint(20) UNSIGNED NULL DEFAULT 0 COMMENT 'xq_user.id',
  `module_id` bigint(20) UNSIGNED NULL DEFAULT 0 COMMENT 'xq_module.id',
  `created_at` datetime(0) NULL DEFAULT CURRENT_TIMESTAMP(0),
  PRIMARY KEY (`id`) USING BTREE
) ENGINE = InnoDB AUTO_INCREMENT = 52 CHARACTER SET = utf8mb4 COLLATE = utf8mb4_bin COMMENT = '收藏分组' ROW_FORMAT = Dynamic;

-- ----------------------------
-- Records of xq_collection_group
-- ----------------------------
INSERT INTO `xq_collection_group` VALUES (45, '美女', 1, 1, '2020-07-11 23:42:08');
INSERT INTO `xq_collection_group` VALUES (49, 'one', 1, 5, '2020-07-12 00:23:32');
INSERT INTO `xq_collection_group` VALUES (50, 'one', 1, 3, '2020-07-12 16:59:40');
INSERT INTO `xq_collection_group` VALUES (53, 'test', 4, 3, '2020-07-16 17:15:05');
INSERT INTO `xq_collection_group` VALUES (54, 'yueshu', 1, 1, '2020-07-17 00:24:03');

-- ----------------------------
-- Table structure for xq_email_code
-- ----------------------------
DROP TABLE IF EXISTS `xq_email_code`;
CREATE TABLE `xq_email_code`  (
  `id` bigint(20) UNSIGNED NOT NULL AUTO_INCREMENT,
  `email` varchar(30) CHARACTER SET utf8mb4 COLLATE utf8mb4_bin NULL DEFAULT '' COMMENT '邮箱',
  `code` varchar(30) CHARACTER SET utf8mb4 COLLATE utf8mb4_bin NULL DEFAULT '' COMMENT '邮箱验证码',
  `type` varchar(50) CHARACTER SET utf8mb4 COLLATE utf8mb4_bin NULL DEFAULT '' COMMENT '类型，比如：login-登录验证码 register-注册验证码 password-修改密码验证码 等',
  `used` tinyint(4) NULL DEFAULT 0 COMMENT '是否被使用过: 0-否 1-是',
  `send_time` datetime(0) NULL DEFAULT NULL COMMENT '发送时间',
  `updated_at` datetime(0) NULL DEFAULT NULL COMMENT '更新时间',
  `created_at` datetime(0) NULL DEFAULT NULL,
  PRIMARY KEY (`id`) USING BTREE,
  UNIQUE INDEX `email`(`email`, `type`) USING BTREE
) ENGINE = InnoDB AUTO_INCREMENT = 2 CHARACTER SET = utf8mb4 COLLATE = utf8mb4_bin COMMENT = '邮箱验证码' ROW_FORMAT = Dynamic;

-- ----------------------------
-- Records of xq_email_code
-- ----------------------------
INSERT INTO `xq_email_code` VALUES (1, '1615980946@qq.com', '2569', 'password', 0, '2020-07-16 16:42:35', '2020-07-16 16:42:35', '2020-07-16 13:40:37');
INSERT INTO `xq_email_code` VALUES (2, 'A576236148946@126.com', '2953', 'password', 1, '2020-07-16 16:19:47', '2020-07-16 16:19:47', NULL);
INSERT INTO `xq_email_code` VALUES (3, '1615980946@qq.com', '7422', 'register', 1, '2020-07-16 16:45:16', '2020-07-16 16:45:16', '2020-07-16 16:45:16');

-- ----------------------------
-- Table structure for xq_focus_user
-- ----------------------------
DROP TABLE IF EXISTS `xq_focus_user`;
CREATE TABLE `xq_focus_user`  (
  `id` bigint(20) UNSIGNED NOT NULL AUTO_INCREMENT,
  `user_id` bigint(20) UNSIGNED NULL DEFAULT 0 COMMENT 'xq_user.id',
  `focus_user_id` bigint(20) UNSIGNED NULL DEFAULT 0 COMMENT 'xq_user.id，关注的用户',
  `created_at` datetime(0) NULL DEFAULT NULL,
  PRIMARY KEY (`id`) USING BTREE,
  UNIQUE INDEX `unique`(`user_id`, `focus_user_id`) USING BTREE
) ENGINE = InnoDB CHARACTER SET = utf8mb4 COLLATE = utf8mb4_bin COMMENT = '关注的用户' ROW_FORMAT = Dynamic;

-- ----------------------------
-- Table structure for xq_history
-- ----------------------------
DROP TABLE IF EXISTS `xq_history`;
CREATE TABLE `xq_history`  (
  `id` bigint(20) UNSIGNED NOT NULL AUTO_INCREMENT,
  `user_id` bigint(20) UNSIGNED NULL DEFAULT 0 COMMENT 'xq_user.id',
  `relation_type` varchar(255) CHARACTER SET utf8mb4 COLLATE utf8mb4_bin NULL DEFAULT '' COMMENT '关联表类型: 比如 image_subject-图片专题',
  `relation_id` bigint(20) UNSIGNED NULL DEFAULT 0 COMMENT '关联表id',
  `module_id` bigint(20) UNSIGNED NULL DEFAULT 0 COMMENT 'xq_module.id',
  `date` date NULL DEFAULT NULL COMMENT '创建日期',
  `time` time(0) NULL DEFAULT NULL COMMENT '创建时间',
  `created_at` datetime(0) NULL DEFAULT NULL,
  PRIMARY KEY (`id`) USING BTREE
) ENGINE = InnoDB AUTO_INCREMENT = 78 CHARACTER SET = utf8mb4 COLLATE = utf8mb4_bin COMMENT = '活动记录' ROW_FORMAT = Dynamic;

-- ----------------------------
-- Records of xq_history
-- ----------------------------
INSERT INTO `xq_history` VALUES (32, 1, 'image_project', 13, 1, '2020-07-11', '23:45:07', '2020-07-11 23:45:07');
INSERT INTO `xq_history` VALUES (33, 1, 'image_project', 17, 1, '2020-07-11', '23:43:33', '2020-07-11 23:43:33');
INSERT INTO `xq_history` VALUES (36, 1, 'image_project', 20, 1, '2020-07-11', '23:46:50', '2020-07-11 23:46:50');
INSERT INTO `xq_history` VALUES (38, 1, 'image_project', 13, 1, '2020-07-12', '00:02:20', '2020-07-12 00:02:20');
INSERT INTO `xq_history` VALUES (39, 1, 'image_project', 46, 5, '2020-07-12', '00:36:52', '2020-07-12 00:36:52');
INSERT INTO `xq_history` VALUES (40, 1, 'image_project', 45, 5, '2020-07-12', '00:22:13', '2020-07-12 00:22:13');
INSERT INTO `xq_history` VALUES (41, 1, 'image_project', 39, 4, '2020-07-12', '00:23:59', '2020-07-12 00:23:59');
INSERT INTO `xq_history` VALUES (42, 1, 'image_project', 38, 4, '2020-07-12', '00:35:15', '2020-07-12 00:35:15');
INSERT INTO `xq_history` VALUES (43, 1, 'image_project', 42, 5, '2020-07-12', '00:36:03', '2020-07-12 00:36:03');
INSERT INTO `xq_history` VALUES (44, 1, 'image_project', 31, 4, '2020-07-12', '00:38:13', '2020-07-12 00:38:13');
INSERT INTO `xq_history` VALUES (45, 1, 'image_project', 36, 4, '2020-07-12', '00:38:58', '2020-07-12 00:38:58');
INSERT INTO `xq_history` VALUES (46, 1, 'image_project', 20, 1, '2020-07-12', '00:39:53', '2020-07-12 00:39:53');
INSERT INTO `xq_history` VALUES (48, 1, 'image_project', 12, 1, '2020-07-12', '00:45:41', '2020-07-12 00:45:41');
INSERT INTO `xq_history` VALUES (49, 1, 'image_project', 12, 5, '2020-07-12', '00:45:58', '2020-07-12 00:45:58');
INSERT INTO `xq_history` VALUES (50, 1, 'image_project', 46, 4, '2020-07-12', '00:52:28', '2020-07-12 00:52:28');
INSERT INTO `xq_history` VALUES (52, 1, 'image_project', 26, 3, '2020-07-12', '11:03:45', '2020-07-12 11:03:45');
INSERT INTO `xq_history` VALUES (53, 1, 'image_project', 29, 3, '2020-07-12', '18:16:56', '2020-07-12 18:16:56');
INSERT INTO `xq_history` VALUES (54, 1, 'image_project', 29, 3, '2020-07-13', '22:53:41', '2020-07-13 22:53:41');
INSERT INTO `xq_history` VALUES (55, 1, 'image_project', 30, 3, '2020-07-13', '22:20:48', '2020-07-13 22:20:48');
INSERT INTO `xq_history` VALUES (56, 1, 'image_project', 27, 3, '2020-07-13', '23:03:03', '2020-07-13 23:03:03');
INSERT INTO `xq_history` VALUES (57, 1, 'image_project', 24, 3, '2020-07-13', '21:57:22', '2020-07-13 21:57:22');
INSERT INTO `xq_history` VALUES (58, 1, 'image_project', 20, 1, '2020-07-13', '22:15:09', '2020-07-13 22:15:09');
INSERT INTO `xq_history` VALUES (59, 1, 'image_project', 19, 1, '2020-07-13', '22:14:06', '2020-07-13 22:14:06');
INSERT INTO `xq_history` VALUES (60, 1, 'image_project', 17, 1, '2020-07-13', '22:14:30', '2020-07-13 22:14:30');
INSERT INTO `xq_history` VALUES (61, 1, 'image_project', 23, 3, '2020-07-13', '22:25:54', '2020-07-13 22:25:54');
INSERT INTO `xq_history` VALUES (63, 1, 'image_project', 19, 1, '2020-07-15', '16:10:34', '2020-07-15 16:10:34');
INSERT INTO `xq_history` VALUES (64, 1, 'image_project', 23, 3, '2020-07-15', '15:48:48', '2020-07-15 15:48:48');
INSERT INTO `xq_history` VALUES (65, 1, 'image_project', 17, 1, '2020-07-15', '02:38:08', '2020-07-15 02:38:08');
INSERT INTO `xq_history` VALUES (66, 1, 'image_project', 27, 3, '2020-07-15', '15:48:25', '2020-07-15 15:48:25');
INSERT INTO `xq_history` VALUES (67, 1, 'image_project', 28, 3, '2020-07-15', '15:33:16', '2020-07-15 15:33:16');
INSERT INTO `xq_history` VALUES (68, 1, 'image_project', 30, 3, '2020-07-15', '15:48:46', '2020-07-15 15:48:46');
INSERT INTO `xq_history` VALUES (69, 1, 'image_project', 29, 3, '2020-07-15', '23:18:21', '2020-07-15 23:18:21');
INSERT INTO `xq_history` VALUES (70, 1, 'image_project', 24, 3, '2020-07-15', '20:15:23', '2020-07-15 20:15:23');
INSERT INTO `xq_history` VALUES (71, 1, 'image_project', 21, 3, '2020-07-15', '15:42:28', '2020-07-15 15:42:28');
INSERT INTO `xq_history` VALUES (72, 1, 'image_project', 22, 3, '2020-07-15', '15:42:36', '2020-07-15 15:42:36');
INSERT INTO `xq_history` VALUES (73, 1, 'image_project', 26, 3, '2020-07-15', '15:43:01', '2020-07-15 15:43:01');
INSERT INTO `xq_history` VALUES (74, 1, 'image_project', 25, 3, '2020-07-15', '15:43:40', '2020-07-15 15:43:40');
INSERT INTO `xq_history` VALUES (75, 1, 'image_project', 14, 1, '2020-07-15', '16:10:13', '2020-07-15 16:10:13');
INSERT INTO `xq_history` VALUES (76, 1, 'image_project', 20, 1, '2020-07-15', '16:10:28', '2020-07-15 16:10:28');
INSERT INTO `xq_history` VALUES (77, 1, 'image_project', 13, 1, '2020-07-15', '16:11:14', '2020-07-15 16:11:14');
INSERT INTO `xq_history` VALUES (78, 1, 'image_project', 29, 3, '2020-07-16', '22:02:38', '2020-07-16 22:02:38');
INSERT INTO `xq_history` VALUES (79, 1, 'image_project', 24, 3, '2020-07-16', '22:02:34', '2020-07-16 22:02:34');
INSERT INTO `xq_history` VALUES (80, 4, 'image_project', 24, 3, '2020-07-16', '18:15:36', '2020-07-16 18:15:36');
INSERT INTO `xq_history` VALUES (81, 4, 'image_project', 30, 3, '2020-07-16', '18:15:37', '2020-07-16 18:15:37');
INSERT INTO `xq_history` VALUES (82, 1, 'image_project', 30, 3, '2020-07-16', '22:05:08', '2020-07-16 22:05:08');
INSERT INTO `xq_history` VALUES (83, 1, 'image_project', 12, 1, '2020-07-16', '22:26:32', '2020-07-16 22:26:32');
INSERT INTO `xq_history` VALUES (84, 1, 'image_project', 29, 1, '2020-07-16', '20:48:23', '2020-07-16 20:48:23');
INSERT INTO `xq_history` VALUES (85, 1, 'image_project', 30, 1, '2020-07-16', '20:48:43', '2020-07-16 20:48:43');
INSERT INTO `xq_history` VALUES (86, 1, 'image_project', 27, 3, '2020-07-16', '21:51:15', '2020-07-16 21:51:15');
INSERT INTO `xq_history` VALUES (87, 1, 'image_project', 26, 3, '2020-07-16', '22:00:06', '2020-07-16 22:00:06');
INSERT INTO `xq_history` VALUES (88, 1, 'image_project', 28, 3, '2020-07-16', '22:28:04', '2020-07-16 22:28:04');
INSERT INTO `xq_history` VALUES (89, 1, 'image_project', 21, 3, '2020-07-16', '21:59:58', '2020-07-16 21:59:58');
INSERT INTO `xq_history` VALUES (90, 1, 'image_project', 23, 3, '2020-07-16', '22:26:22', '2020-07-16 22:26:22');
INSERT INTO `xq_history` VALUES (91, 1, 'image_project', 20, 1, '2020-07-16', '22:27:49', '2020-07-16 22:27:49');
INSERT INTO `xq_history` VALUES (92, 1, 'image_project', 17, 1, '2020-07-16', '22:28:15', '2020-07-16 22:28:15');
INSERT INTO `xq_history` VALUES (93, 1, 'image_project', 19, 1, '2020-07-17', '00:28:19', '2020-07-17 00:28:19');
INSERT INTO `xq_history` VALUES (94, 1, 'image_project', 17, 1, '2020-07-17', '00:50:28', '2020-07-17 00:50:28');
INSERT INTO `xq_history` VALUES (95, 1, 'image_project', 20, 1, '2020-07-17', '00:28:06', '2020-07-17 00:28:06');
INSERT INTO `xq_history` VALUES (96, 1, 'image_project', 29, 3, '2020-07-17', '00:45:06', '2020-07-17 00:45:06');
INSERT INTO `xq_history` VALUES (97, 1, 'image_project', 28, 3, '2020-07-17', '00:49:52', '2020-07-17 00:49:52');
INSERT INTO `xq_history` VALUES (98, 1, 'image_project', 27, 3, '2020-07-17', '00:56:29', '2020-07-17 00:56:29');
INSERT INTO `xq_history` VALUES (99, 1, 'image_project', 30, 3, '2020-07-17', '00:56:41', '2020-07-17 00:56:41');
INSERT INTO `xq_history` VALUES (100, 1, 'image_project', 26, 3, '2020-07-17', '00:56:44', '2020-07-17 00:56:44');

-- ----------------------------
-- Table structure for xq_image
-- ----------------------------
DROP TABLE IF EXISTS `xq_image`;
CREATE TABLE `xq_image`  (
  `id` bigint(20) UNSIGNED NOT NULL AUTO_INCREMENT,
  `image_subject_id` bigint(20) UNSIGNED NULL DEFAULT 0 COMMENT 'xq_image_subject.id',
  `name` varchar(500) CHARACTER SET utf8mb4 COLLATE utf8mb4_bin NULL DEFAULT '' COMMENT '图片名称',
  `mime` varchar(50) CHARACTER SET utf8mb4 COLLATE utf8mb4_bin NULL DEFAULT '' COMMENT 'mime类型，如：image/jpeg',
  `size` bigint(20) UNSIGNED NULL DEFAULT 0 COMMENT '文件大小，单位字节',
  `path` varchar(500) CHARACTER SET utf8mb4 COLLATE utf8mb4_bin NULL DEFAULT '' COMMENT '图片路径',
  `created_at` datetime(0) NULL DEFAULT CURRENT_TIMESTAMP(0) COMMENT '创建时间',
  PRIMARY KEY (`id`) USING BTREE
) ENGINE = InnoDB AUTO_INCREMENT = 1491 CHARACTER SET = utf8mb4 COLLATE = utf8mb4_bin COMMENT = '图片专题包含的图片' ROW_FORMAT = Dynamic;

-- ----------------------------
-- Records of xq_image
-- ----------------------------
INSERT INTO `xq_image` VALUES (144, 15, '', '', 0, '20200623/SQY8gIMI4kHcYxt0WA1oRM4dBLfrvzIwdcgRg7mK.jpeg', '2020-06-23 21:33:23');
INSERT INTO `xq_image` VALUES (145, 15, '', '', 0, '20200623/wM5R0Qzqf1MExosEWpMIzYWFWL5FL4WqO0JeDLzZ.jpeg', '2020-06-23 21:33:23');
INSERT INTO `xq_image` VALUES (146, 15, '', '', 0, '20200623/nnw7ajlWzTNgy2CjX8NIH6z0hhhhTxvdT0mT3xdM.jpeg', '2020-06-23 21:33:23');
INSERT INTO `xq_image` VALUES (147, 15, '', '', 0, '20200623/GLOzNOAHia6YmRaz21tSuXVJm91qWvnpOykCWp9z.jpeg', '2020-06-23 21:33:23');
INSERT INTO `xq_image` VALUES (148, 15, '', '', 0, '20200623/872Y0oretMZUXgsbOpPLzQWKbncSTlTInkybzvj6.jpeg', '2020-06-23 21:33:23');
INSERT INTO `xq_image` VALUES (149, 15, '', '', 0, '20200623/wmzk6mvF4k9YYHaAdKNXmoR6SLLeCTdS4uoFkHuD.jpeg', '2020-06-23 21:33:23');
INSERT INTO `xq_image` VALUES (150, 15, '', '', 0, '20200623/aiu6HIdtmmLbTop65Mp2KGMNJIPcyPi1SEoieoM8.jpeg', '2020-06-23 21:33:23');
INSERT INTO `xq_image` VALUES (151, 15, '', '', 0, '20200623/pd75nADHdQUQozOxy6Wmj3e7aOBMosXz5QQMbbQE.jpeg', '2020-06-23 21:33:23');
INSERT INTO `xq_image` VALUES (152, 15, '', '', 0, '20200623/4etOeux463d08Gbo7NwKDPqd1pgCfBXbuFOsCXPG.jpeg', '2020-06-23 21:33:23');
INSERT INTO `xq_image` VALUES (153, 15, '', '', 0, '20200623/unzA5BBNNQ4X6oLA9mCU4TgOLNdGrgxgU6JOxwpu.jpeg', '2020-06-23 21:33:23');
INSERT INTO `xq_image` VALUES (154, 15, '', '', 0, '20200623/5eEzv4SiZ3JFa1H1dtbrWdBGgfozoL96Y2GvGQQQ.jpeg', '2020-06-23 21:33:23');
INSERT INTO `xq_image` VALUES (155, 15, '', '', 0, '20200623/9Ed15vKmGyCFOct78tPmtWwkmPJs0qQrF0E21jqH.jpeg', '2020-06-23 21:33:23');
INSERT INTO `xq_image` VALUES (156, 15, '', '', 0, '20200623/DTxWrKVRJJVeb9X64AMstbK5zD3CFnTLhl7tQMEe.jpeg', '2020-06-23 21:33:23');
INSERT INTO `xq_image` VALUES (157, 15, '', '', 0, '20200623/lgIEOtC6HWJNlagaN3xrpBicjj5YDi9zevy6nLgS.jpeg', '2020-06-23 21:33:23');
INSERT INTO `xq_image` VALUES (158, 15, '', '', 0, '20200623/ePLKF1B2kpTYRmRgYaZ13oZLGuDRYGjNlpbBZr56.jpeg', '2020-06-23 21:33:23');
INSERT INTO `xq_image` VALUES (159, 15, '', '', 0, '20200623/kikxG7w4UNTOBryR3vEgA8K6nJBQ99jTUTYeHsG4.jpeg', '2020-06-23 21:33:23');
INSERT INTO `xq_image` VALUES (160, 15, '', '', 0, '20200623/As9UQdYh4ZthGp3wdRGzPW8P7MnoMfDxCLX8qVgw.jpeg', '2020-06-23 21:33:23');
INSERT INTO `xq_image` VALUES (161, 15, '', '', 0, '20200623/cCBdvWj5MeWV6yjBnjCu82nHcugy54v5CeFWIC07.jpeg', '2020-06-23 21:33:23');
INSERT INTO `xq_image` VALUES (162, 15, '', '', 0, '20200623/kowAcanRj1RvXBdgGdGfoZ7lYgSnnhQTuHggzH2Z.jpeg', '2020-06-23 21:33:23');
INSERT INTO `xq_image` VALUES (163, 15, '', '', 0, '20200623/IImShrOEHgHEvwdH67E6qbbnEUK0CqxmOmIEBi71.jpeg', '2020-06-23 21:33:23');
INSERT INTO `xq_image` VALUES (164, 15, '', '', 0, '20200623/we3kTWCqyNIuLWbTKZWzezgqVtYnoceeruEBrArH.jpeg', '2020-06-23 21:33:23');
INSERT INTO `xq_image` VALUES (165, 15, '', '', 0, '20200623/YFfQvMOPsw6VWAVJQJc7YbSe4D5F2OZRm67WQrS3.jpeg', '2020-06-23 21:33:23');
INSERT INTO `xq_image` VALUES (166, 15, '', '', 0, '20200623/jbOWuCijpl3fM3rtFBia1pRciLr4tMdazlbGY9Qp.jpeg', '2020-06-23 21:33:23');
INSERT INTO `xq_image` VALUES (167, 15, '', '', 0, '20200623/T3relCOvM3WVZYC3nkcEvueS2vHa8t7AODVPkaNv.jpeg', '2020-06-23 21:33:23');
INSERT INTO `xq_image` VALUES (168, 15, '', '', 0, '20200623/4rria5Cd523pKlm3TXBKKfTyvbFmHbtbjAbuvrzV.jpeg', '2020-06-23 21:33:23');
INSERT INTO `xq_image` VALUES (169, 15, '', '', 0, '20200623/qnsEJHLE7RO2KgVWhquwQY80FlPTL21ZQ2hFFy5c.jpeg', '2020-06-23 21:33:23');
INSERT INTO `xq_image` VALUES (170, 15, '', '', 0, '20200623/RNeF4BI4neCYgoR55yfBhyUwtvY9awF7XQR86e6G.jpeg', '2020-06-23 21:33:23');
INSERT INTO `xq_image` VALUES (171, 15, '', '', 0, '20200623/vAMXZ8BnpXfnEwLxnqkVrx8v7nq9UzJhUTbfGn6V.jpeg', '2020-06-23 21:33:23');
INSERT INTO `xq_image` VALUES (172, 15, '', '', 0, '20200623/REX13Cq1hzXIdLfM5Cie02s4pa2R5SwES8dXiY6Y.jpeg', '2020-06-23 21:33:23');
INSERT INTO `xq_image` VALUES (173, 15, '', '', 0, '20200623/7bfgQ2ZNzaVWjbdmsyz8L9mDbxX00LqOMYzjCaQv.jpeg', '2020-06-23 21:33:23');
INSERT INTO `xq_image` VALUES (174, 15, '', '', 0, '20200623/cEwImKRJgsxizqz6gtEOiyB8OY0hcOPD3ClPthQi.jpeg', '2020-06-23 21:33:23');
INSERT INTO `xq_image` VALUES (175, 15, '', '', 0, '20200623/TxBtkyCps6NgGv9BRHXH6EDwdU6yvHWJCwINGwzl.jpeg', '2020-06-23 21:33:23');
INSERT INTO `xq_image` VALUES (176, 15, '', '', 0, '20200623/M8Glb6YaTsjywW8VQTAGCMZm3C3NjKMWjWYD2HYL.jpeg', '2020-06-23 21:33:23');
INSERT INTO `xq_image` VALUES (177, 15, '', '', 0, '20200623/Imkz2do8SKAqPTk46gJ6DcdJ2M42ppLpOYEMJAiU.jpeg', '2020-06-23 21:33:23');
INSERT INTO `xq_image` VALUES (178, 15, '', '', 0, '20200623/k0gHElDGWvZzW8D7WskUIl1aftV90FtbNN1PaNVw.jpeg', '2020-06-23 21:33:23');
INSERT INTO `xq_image` VALUES (179, 15, '', '', 0, '20200623/W6h6qfQWnRu1lg0qCevkEowd56s8ztzszYtSBpjb.jpeg', '2020-06-23 21:33:23');
INSERT INTO `xq_image` VALUES (180, 15, '', '', 0, '20200623/nVRpm8oNo5wFO4AsLDIUXOTufxw5B1G6a5IY0vKB.jpeg', '2020-06-23 21:33:23');
INSERT INTO `xq_image` VALUES (181, 15, '', '', 0, '20200623/fcEwZb7Q8hxXMjgy66kb7VZ95HWZD4EdcDX3O6Fe.jpeg', '2020-06-23 21:33:23');
INSERT INTO `xq_image` VALUES (182, 15, '', '', 0, '20200623/KpQZZhMkvShbuMhmr2iNjX0pou4aWafSJXjoUJHu.jpeg', '2020-06-23 21:33:23');
INSERT INTO `xq_image` VALUES (183, 15, '', '', 0, '20200623/SYzafbT8BJYMXjO2nfu0NJG97yBDz2WCzfC0glg4.jpeg', '2020-06-23 21:33:23');
INSERT INTO `xq_image` VALUES (184, 15, '', '', 0, '20200623/vCU0QE5BeMWpWVUdnlK5a0ZvpZFYdmFWdbbLrN9c.jpeg', '2020-06-23 21:33:23');
INSERT INTO `xq_image` VALUES (185, 15, '', '', 0, '20200623/AD79Bw1ykMfqyxGV1wVOX8ZnSMLi1H5bsp5PMg5A.jpeg', '2020-06-23 21:33:23');
INSERT INTO `xq_image` VALUES (186, 15, '', '', 0, '20200623/CyipaQxIR5CMkG7oMcdbRZKMkkXqqX5PZqrftSq3.jpeg', '2020-06-23 21:33:23');
INSERT INTO `xq_image` VALUES (187, 15, '', '', 0, '20200623/TqPibVdDYBUzMc2LFfpQpCv90Owxq80OmKZbY95s.jpeg', '2020-06-23 21:33:23');
INSERT INTO `xq_image` VALUES (188, 15, '', '', 0, '20200623/BwDaomnkLSLSJi6TEygCkrzBLsuXRr7rsv4ni2zr.jpeg', '2020-06-23 21:33:23');
INSERT INTO `xq_image` VALUES (189, 15, '', '', 0, '20200623/KImkYtGHl89ib1Oyldfa3ILLetlD9l1zB4n0ogpi.jpeg', '2020-06-23 21:33:23');
INSERT INTO `xq_image` VALUES (190, 15, '', '', 0, '20200623/HBZG0QkrM3Aqc65rxnYGPD3FnZp8ShkmREaHn9ku.jpeg', '2020-06-23 21:33:23');
INSERT INTO `xq_image` VALUES (252, 14, '', '', 0, '20200623/GW05oMIvo0fOdbtclfS8NRw9oRBp0Kvijj5snxH5.jpeg', '2020-06-23 21:38:52');
INSERT INTO `xq_image` VALUES (253, 14, '', '', 0, '20200623/lCDj9ijVKP5ijFp88P0NLAHf5wSs7xhGlKCQmDge.jpeg', '2020-06-23 21:38:52');
INSERT INTO `xq_image` VALUES (254, 14, '', '', 0, '20200623/fbXy55cVLg4at5iVS2VR4qSL39s38jO6hq1SFqdm.jpeg', '2020-06-23 21:38:52');
INSERT INTO `xq_image` VALUES (255, 14, '', '', 0, '20200623/sLSgYb976CcBpWwGnh0vT2hUb2lVuhAvpMZGJpAW.jpeg', '2020-06-23 21:38:52');
INSERT INTO `xq_image` VALUES (256, 14, '', '', 0, '20200623/Pb5UwIbssnP67IuGoMtt6UQnCMcquEXuEZClwfIc.jpeg', '2020-06-23 21:38:52');
INSERT INTO `xq_image` VALUES (257, 14, '', '', 0, '20200623/BzR3ZBYBDlcpqwljN1RAqRIQY6D0pjnPmmTgWfA2.jpeg', '2020-06-23 21:38:52');
INSERT INTO `xq_image` VALUES (258, 14, '', '', 0, '20200623/5BWD7FbthbhtiwNtndqx54orQFgB1KlFlnW4hErQ.jpeg', '2020-06-23 21:38:52');
INSERT INTO `xq_image` VALUES (259, 14, '', '', 0, '20200623/9i1Wt1ue35s1WejywLkvjR7Pbs1vWYKbKb2oAPxd.jpeg', '2020-06-23 21:38:52');
INSERT INTO `xq_image` VALUES (260, 14, '', '', 0, '20200623/l1axVTl400xRnekfbrTOdz42fTDEifnJfZPUS9Om.jpeg', '2020-06-23 21:38:52');
INSERT INTO `xq_image` VALUES (261, 14, '', '', 0, '20200623/VKJCbfJX761CBTMb9ARYxFxUMPoHCQTaxR0ElkHV.jpeg', '2020-06-23 21:38:52');
INSERT INTO `xq_image` VALUES (262, 14, '', '', 0, '20200623/FofG9As2CHp954ZoWnvK6r50CZLouZwwZC0Hq3Yc.jpeg', '2020-06-23 21:38:52');
INSERT INTO `xq_image` VALUES (263, 14, '', '', 0, '20200623/2wBiv9PMvbPxI5u5kx2i9SRCwAaBsvZ2uYLZz2bQ.jpeg', '2020-06-23 21:38:52');
INSERT INTO `xq_image` VALUES (264, 14, '', '', 0, '20200623/a45GK1I3rbv7LA3RlUEnWZ2s5tsEOxbV0zokSP3S.jpeg', '2020-06-23 21:38:52');
INSERT INTO `xq_image` VALUES (265, 14, '', '', 0, '20200623/V6PmJcJkbHtc0GmLiPCA3ubjUW8325QBqCbqqJEV.jpeg', '2020-06-23 21:38:52');
INSERT INTO `xq_image` VALUES (266, 14, '', '', 0, '20200623/OmelwcewPEKpcyqJ9Jqza4aX4x1Fmz71YpqAJT6E.jpeg', '2020-06-23 21:38:52');
INSERT INTO `xq_image` VALUES (267, 14, '', '', 0, '20200623/YcOSNAnT7Su7aAphYpk7DmZMjoYx6ZZWYxJOJePH.jpeg', '2020-06-23 21:38:52');
INSERT INTO `xq_image` VALUES (268, 14, '', '', 0, '20200623/2M4pLWUUqP8Aeoo8fmAS4H5gp7j8yoNPBOhNxIhI.jpeg', '2020-06-23 21:38:52');
INSERT INTO `xq_image` VALUES (269, 14, '', '', 0, '20200623/A3OnUKwegNqbwwmxtZJ30tdR7bPSVvX5ys8nXrBf.jpeg', '2020-06-23 21:38:52');
INSERT INTO `xq_image` VALUES (270, 14, '', '', 0, '20200623/PGYaDT8w79kPjQS7Kb0U2vksqL9t69LzlpJ9ciQC.jpeg', '2020-06-23 21:38:52');
INSERT INTO `xq_image` VALUES (271, 14, '', '', 0, '20200623/jmWLXCDV2VVZ6bdGaducq4IR04y9ROI81wxUXTD5.jpeg', '2020-06-23 21:38:52');
INSERT INTO `xq_image` VALUES (272, 14, '', '', 0, '20200623/yhGtHtsP5VoML2HsUL5jXKCx4aaPwbiFuXd42b6y.jpeg', '2020-06-23 21:38:52');
INSERT INTO `xq_image` VALUES (273, 14, '', '', 0, '20200623/TuSFnTO5IkvuamPxjC8EI2rUVU15aH5NBJxN2i7N.jpeg', '2020-06-23 21:38:52');
INSERT INTO `xq_image` VALUES (274, 14, '', '', 0, '20200623/NNxgIcF9wgLQEdkrlyaEuql7PxmwAK60C1f6fGJS.jpeg', '2020-06-23 21:38:52');
INSERT INTO `xq_image` VALUES (275, 14, '', '', 0, '20200623/JtepxhMDTMr2RRxVuuUUpXtbkyYwDmuugVIkuL4T.jpeg', '2020-06-23 21:38:52');
INSERT INTO `xq_image` VALUES (276, 14, '', '', 0, '20200623/Oy9tEB1xFbZj3SFGdoitqoU6AnZ04Ytl49xavfSC.jpeg', '2020-06-23 21:38:52');
INSERT INTO `xq_image` VALUES (277, 14, '', '', 0, '20200623/gCu54RYFFqk1zknhOrPsLhQMQKF4LavVeHmboj4f.jpeg', '2020-06-23 21:38:52');
INSERT INTO `xq_image` VALUES (278, 14, '', '', 0, '20200623/iZQp4NRmc1Bwgi7Ev3RAyleBhjf81MdBh3iA2qfp.jpeg', '2020-06-23 21:38:52');
INSERT INTO `xq_image` VALUES (279, 14, '', '', 0, '20200623/4olMtbwv3e11EKkBkeZzgArWBi5R6ehZjJyuso8H.jpeg', '2020-06-23 21:38:52');
INSERT INTO `xq_image` VALUES (280, 14, '', '', 0, '20200623/aFRW1Zbm6nIhgAeEN5WSxmIpcgdTiwwUTtsjC0M7.jpeg', '2020-06-23 21:38:52');
INSERT INTO `xq_image` VALUES (281, 14, '', '', 0, '20200623/MgUn5qO42APlZyTUwhFv5jBkNrBtEvOSzvEv7smH.jpeg', '2020-06-23 21:38:52');
INSERT INTO `xq_image` VALUES (282, 14, '', '', 0, '20200623/CLsvg8Zh5Xpckxe9jdKlsMkhQptmSI597B2JGPmv.jpeg', '2020-06-23 21:38:52');
INSERT INTO `xq_image` VALUES (283, 14, '', '', 0, '20200623/c1StJZ8WWzWhZrIaa0Vy9Zl0Arasf57aHjLNK2Xn.jpeg', '2020-06-23 21:38:52');
INSERT INTO `xq_image` VALUES (284, 14, '', '', 0, '20200623/AIVfoixdQ65tNOTeSGcxOxbUFg0W0XHIlPcqGZPg.jpeg', '2020-06-23 21:38:52');
INSERT INTO `xq_image` VALUES (285, 14, '', '', 0, '20200623/CmC1KAOvKb2xuvCivogkQhTr9A4Hvf2kL96lcHia.jpeg', '2020-06-23 21:38:52');
INSERT INTO `xq_image` VALUES (286, 14, '', '', 0, '20200623/NQLs799JPXLSkxl3MZPwNOSkoO5misXfRTX9ddRW.jpeg', '2020-06-23 21:38:52');
INSERT INTO `xq_image` VALUES (287, 14, '', '', 0, '20200623/mXR9t0sXfPERxFhVtJT6W8mqMRkYN6e618ljszez.jpeg', '2020-06-23 21:38:52');
INSERT INTO `xq_image` VALUES (288, 14, '', '', 0, '20200623/Wlu9AXhziYFjr6CByRcyFxIvYqyPIt3SYUfS91yt.jpeg', '2020-06-23 21:38:52');
INSERT INTO `xq_image` VALUES (289, 14, '', '', 0, '20200623/cfJM5sebKcLGxpMRWfGjrpTE6YiXxEdEdtOi1lCi.jpeg', '2020-06-23 21:38:52');
INSERT INTO `xq_image` VALUES (290, 14, '', '', 0, '20200623/lgyYsdyN69h86uFGPwpzKiiLRge864hHa4muupgU.jpeg', '2020-06-23 21:38:52');
INSERT INTO `xq_image` VALUES (291, 14, '', '', 0, '20200623/VVCRKzJQJpTe53eFWR1VzjKPSsPxWLAbvc9ChKJn.jpeg', '2020-06-23 21:38:52');
INSERT INTO `xq_image` VALUES (292, 14, '', '', 0, '20200623/UAnpKGXI2uXfGAxUQsMeEeHF7I87iAO2mRzEPApW.jpeg', '2020-06-23 21:38:52');
INSERT INTO `xq_image` VALUES (293, 14, '', '', 0, '20200623/x5ES7bzFN6vqLiAcVnvDJzl3nwDBVYaEWtfUfPW0.jpeg', '2020-06-23 21:38:52');
INSERT INTO `xq_image` VALUES (294, 14, '', '', 0, '20200623/vvS8NdXdVIammXrb7WiP3kxOtC336xlZxft8Bb25.jpeg', '2020-06-23 21:38:52');
INSERT INTO `xq_image` VALUES (295, 14, '', '', 0, '20200623/YRubvHTo58pEVHU3QUI9cECK11F5PE3yz8XOTtIk.jpeg', '2020-06-23 21:38:52');
INSERT INTO `xq_image` VALUES (296, 14, '', '', 0, '20200623/uWeiaUHHRWDzyBCfW2Fqmg6z9VfF7u5Z6BFBEQnU.jpeg', '2020-06-23 21:38:52');
INSERT INTO `xq_image` VALUES (297, 14, '', '', 0, '20200623/fPmIqH0oBGkXWXlh7ktXC3uvbsluyClZ0dDzsS6s.jpeg', '2020-06-23 21:38:52');
INSERT INTO `xq_image` VALUES (298, 14, '', '', 0, '20200623/oO0A0zKkMWVJGYd951XPGtCG7LNTNtgCXQSVftsJ.jpeg', '2020-06-23 21:38:52');
INSERT INTO `xq_image` VALUES (299, 14, '', '', 0, '20200623/fuhPkcYL5zvQJ30deRV2nxPhlrfVt99C9ueFnN2q.jpeg', '2020-06-23 21:38:52');
INSERT INTO `xq_image` VALUES (300, 14, '', '', 0, '20200623/fTtSmp5Ku7Hr9QBszja011AhPrh58UfJpxctK2pX.jpeg', '2020-06-23 21:38:52');
INSERT INTO `xq_image` VALUES (301, 14, '', '', 0, '20200623/vgKodcv9QvdlwTI7Lagzo1w6oTPXjip9cVzHmZ2u.jpeg', '2020-06-23 21:38:52');
INSERT INTO `xq_image` VALUES (302, 14, '', '', 0, '20200623/PQAFvqRFFj10waOwdClbUMhgSRFl7wQcg0jSexCe.jpeg', '2020-06-23 21:38:52');
INSERT INTO `xq_image` VALUES (303, 14, '', '', 0, '20200623/8hTFGp8RY9BohvQTwwPiPR339GStyAip3vKjqE9y.jpeg', '2020-06-23 21:38:52');
INSERT INTO `xq_image` VALUES (405, 16, '', '', 0, '20200623/OAZwMf3VpAcKbs5bvIw4YA8DNytIdjoplW7VGE0n.jpeg', '2020-06-23 21:43:06');
INSERT INTO `xq_image` VALUES (406, 16, '', '', 0, '20200623/EjXlYmIuVAjf4xkdnRdL726b1UGYc871Fznfrein.jpeg', '2020-06-23 21:43:06');
INSERT INTO `xq_image` VALUES (407, 16, '', '', 0, '20200623/GHRd7u3YnDstEgR8SZU3PNZcniqBxPWXamSp6nfb.jpeg', '2020-06-23 21:43:06');
INSERT INTO `xq_image` VALUES (408, 16, '', '', 0, '20200623/44S2u0MIGhrqkTOD1KTljh0Dix1EpVtmK13kK9Oz.jpeg', '2020-06-23 21:43:06');
INSERT INTO `xq_image` VALUES (409, 16, '', '', 0, '20200623/2OZUozIKk94V8dSuuDjA3mpFH3t0S5lF1DaiqL1w.jpeg', '2020-06-23 21:43:06');
INSERT INTO `xq_image` VALUES (410, 16, '', '', 0, '20200623/3BSyvcGrH5IBvl3ZuGjubSzNwO4MEazSCiFbrf6S.jpeg', '2020-06-23 21:43:06');
INSERT INTO `xq_image` VALUES (411, 16, '', '', 0, '20200623/msQURr8KAds9AoGLdzbw0BOuPgKBfzOZ8MIGV0ci.jpeg', '2020-06-23 21:43:06');
INSERT INTO `xq_image` VALUES (412, 16, '', '', 0, '20200623/teqOXk5tFgu4nwYZlG6WOC3ednoHAswIfXXp3axp.jpeg', '2020-06-23 21:43:06');
INSERT INTO `xq_image` VALUES (413, 16, '', '', 0, '20200623/1Ru6yuE3PahK31kEVo1ALOmpm01T4KlIWg08AUsu.jpeg', '2020-06-23 21:43:06');
INSERT INTO `xq_image` VALUES (414, 16, '', '', 0, '20200623/TpMwXELfo1KKl86YKa06oQX0T5ZexBdXu8M4DpAp.jpeg', '2020-06-23 21:43:06');
INSERT INTO `xq_image` VALUES (415, 16, '', '', 0, '20200623/xzUt0SJtdKtu7bbnB0XHzCu9GtHfdPSIKtcS5KKL.jpeg', '2020-06-23 21:43:06');
INSERT INTO `xq_image` VALUES (416, 16, '', '', 0, '20200623/ztMlDvIjJlCz4Z2Nc9jR0EY7a2AAqgMx88AboBaC.jpeg', '2020-06-23 21:43:06');
INSERT INTO `xq_image` VALUES (417, 16, '', '', 0, '20200623/STTGPFKGWF8YWqGtsqsxKp7ZzemsYRUdk1iG9kj4.jpeg', '2020-06-23 21:43:06');
INSERT INTO `xq_image` VALUES (418, 16, '', '', 0, '20200623/lyLe6fmsIkIibQFNISurIPmhsDOmNaRkWeRKHFdL.jpeg', '2020-06-23 21:43:06');
INSERT INTO `xq_image` VALUES (419, 16, '', '', 0, '20200623/XCtVWKHZhzEKoMJehjsGoYI9Pvcn0zcSXCdFhghq.jpeg', '2020-06-23 21:43:06');
INSERT INTO `xq_image` VALUES (420, 16, '', '', 0, '20200623/l4bvpnr9xpOJDSfENB0G2miIufTNyGt8qAyqg04C.jpeg', '2020-06-23 21:43:06');
INSERT INTO `xq_image` VALUES (421, 16, '', '', 0, '20200623/OM3IhO91MvB0cgCTgs74DcfOb2CHmhDl4Yf4tcJL.jpeg', '2020-06-23 21:43:06');
INSERT INTO `xq_image` VALUES (422, 16, '', '', 0, '20200623/254z65Ne4gkVi6fY4VNf1jPRhztWx45r17nORi0a.jpeg', '2020-06-23 21:43:06');
INSERT INTO `xq_image` VALUES (423, 16, '', '', 0, '20200623/wJ0HdQe8ZTvS56Iw6Go2DGUY115vc89dTkfo2lu3.jpeg', '2020-06-23 21:43:06');
INSERT INTO `xq_image` VALUES (424, 16, '', '', 0, '20200623/Ruuomq5aFb0lOxIUavXaGVfcsgdAHduN2eInv8Qy.jpeg', '2020-06-23 21:43:06');
INSERT INTO `xq_image` VALUES (425, 16, '', '', 0, '20200623/mvGZxwOAe1RhnFjxCzUXr0Efu55mkLZUChg7zB1M.jpeg', '2020-06-23 21:43:06');
INSERT INTO `xq_image` VALUES (426, 16, '', '', 0, '20200623/uh1sprX75mkf2exzMa1bbiJrAf5USP6nDw0EhX10.jpeg', '2020-06-23 21:43:06');
INSERT INTO `xq_image` VALUES (427, 16, '', '', 0, '20200623/XvAW9m7bx2SuKI10DZf9xRrtQHaVY32A607F0yBI.jpeg', '2020-06-23 21:43:06');
INSERT INTO `xq_image` VALUES (428, 16, '', '', 0, '20200623/nrHdSKdW5s7IYBRdTMGqHxep9aYwJvx1xGBO29a9.jpeg', '2020-06-23 21:43:06');
INSERT INTO `xq_image` VALUES (429, 16, '', '', 0, '20200623/DOJAJJ2vPe3ItU9MvdlG0SEp8IvlULyvvxF5JDH9.jpeg', '2020-06-23 21:43:06');
INSERT INTO `xq_image` VALUES (430, 16, '', '', 0, '20200623/2AWmpquiG6HrIclxzsfFEvx0mDWpcqINXAuWWjmf.jpeg', '2020-06-23 21:43:06');
INSERT INTO `xq_image` VALUES (431, 16, '', '', 0, '20200623/rJ1UJkRJK0pDmONiNvHh5mL6UvyDFvEmBOi31GLe.jpeg', '2020-06-23 21:43:06');
INSERT INTO `xq_image` VALUES (432, 16, '', '', 0, '20200623/rqvtvFCRgk5I2pWcRSMY7yInju2iPunmtfq1lXt1.jpeg', '2020-06-23 21:43:06');
INSERT INTO `xq_image` VALUES (433, 16, '', '', 0, '20200623/RcghqJh5D3LNSg9zK1ELeqc5ISierlN6mK070oOm.jpeg', '2020-06-23 21:43:06');
INSERT INTO `xq_image` VALUES (434, 16, '', '', 0, '20200623/ZHqZHF58wmvMxV76WOBcXZjnC2haJUpfJtS8j5Cl.jpeg', '2020-06-23 21:43:06');
INSERT INTO `xq_image` VALUES (435, 16, '', '', 0, '20200623/LVmgDlHDcrT0jCE1hvBXKqa4Ybn1QfDsZmMAAzJx.jpeg', '2020-06-23 21:43:06');
INSERT INTO `xq_image` VALUES (436, 16, '', '', 0, '20200623/4UuzTmET5kTVWitVTMr0q6eUBlU6Ty9M0UALRdy0.jpeg', '2020-06-23 21:43:06');
INSERT INTO `xq_image` VALUES (437, 16, '', '', 0, '20200623/08J1fe7NwDSLpTt0Jhm5ZKILz83RMZTTFTJ0axZv.jpeg', '2020-06-23 21:43:06');
INSERT INTO `xq_image` VALUES (438, 16, '', '', 0, '20200623/m23WYE8XyNeJdchlAXRUDkEYHA0Is6SWq2tUNRle.jpeg', '2020-06-23 21:43:06');
INSERT INTO `xq_image` VALUES (439, 16, '', '', 0, '20200623/yaraldU653vJQ3KB1OjOSpMaqoyFgRvE9r44IPGN.jpeg', '2020-06-23 21:43:06');
INSERT INTO `xq_image` VALUES (440, 16, '', '', 0, '20200623/J4HJFb8QbTvbSYo3HD7XAMv0cWZhtl8cOfuCcal2.jpeg', '2020-06-23 21:43:06');
INSERT INTO `xq_image` VALUES (441, 16, '', '', 0, '20200623/a0x4VODFT05LhzzojksxQBOkUsErsEEJtQSRj9om.jpeg', '2020-06-23 21:43:06');
INSERT INTO `xq_image` VALUES (442, 16, '', '', 0, '20200623/ZaQ2Q0Cesgrp5ggb4OWfZxmgOTPzwIwA7HblkFvr.jpeg', '2020-06-23 21:43:06');
INSERT INTO `xq_image` VALUES (443, 16, '', '', 0, '20200623/hK7oA6Q9O3OsYyAq8ZmYtTKSsxqrCMtqEOyigZhR.jpeg', '2020-06-23 21:43:06');
INSERT INTO `xq_image` VALUES (444, 16, '', '', 0, '20200623/r0aJCdilhN651Z69ppasd4LAKPLmSsIAzSQxdB1u.jpeg', '2020-06-23 21:43:06');
INSERT INTO `xq_image` VALUES (445, 16, '', '', 0, '20200623/P2w3bHoW4Ct5iB4risLF1kgZ1QkGYp1IEKM0smD3.jpeg', '2020-06-23 21:43:06');
INSERT INTO `xq_image` VALUES (446, 16, '', '', 0, '20200623/3HIzgr1JaGJcK32Ie1RmPzEhqDsTvpwyM3hhdZsT.jpeg', '2020-06-23 21:43:06');
INSERT INTO `xq_image` VALUES (447, 16, '', '', 0, '20200623/YdxCLouFEiPEwD5Vf14EREdK8Q8SnEB7DoM1DZNu.jpeg', '2020-06-23 21:43:06');
INSERT INTO `xq_image` VALUES (448, 16, '', '', 0, '20200623/16vxjSvhNcQyXOc5ul9Ys0mR8mOdrL4TFmj5xuoZ.jpeg', '2020-06-23 21:43:06');
INSERT INTO `xq_image` VALUES (449, 16, '', '', 0, '20200623/9HBPgDDljXMV6HxOkXPj5mO6gkQGmWqghVjY67oa.jpeg', '2020-06-23 21:43:06');
INSERT INTO `xq_image` VALUES (450, 16, '', '', 0, '20200623/SchvhmjqVSsIQfCGFoGo6km0Q57R2Jk3IOxEMU2O.jpeg', '2020-06-23 21:43:06');
INSERT INTO `xq_image` VALUES (451, 16, '', '', 0, '20200623/E1Q7AOUyIhwaOBu155dwTBQpQVDohi7RmXbCZSaI.jpeg', '2020-06-23 21:43:06');
INSERT INTO `xq_image` VALUES (452, 16, '', '', 0, '20200623/kcAyRqJ6L3ygcGWPYf6tZvrBH8hJkLbD8cTgoqlB.jpeg', '2020-06-23 21:43:06');
INSERT INTO `xq_image` VALUES (453, 16, '', '', 0, '20200623/U60DVuIZvMA4C2gAnSpINdxmEmap7MWcp1DgoNwM.jpeg', '2020-06-23 21:43:06');
INSERT INTO `xq_image` VALUES (454, 16, '', '', 0, '20200623/UCDtuwEwSQppoyYcKFFuHiopKX7dhe5zRM4cmGvM.jpeg', '2020-06-23 21:43:06');
INSERT INTO `xq_image` VALUES (455, 16, '', '', 0, '20200623/soFvVj640N2sjPsb1DBk6G6dge9iK51D637IxSlV.jpeg', '2020-06-23 21:43:06');
INSERT INTO `xq_image` VALUES (456, 16, '', '', 0, '20200623/MvWbpaxucFs8pj34eD4DNfdehD12U6AHFmAmRsz5.jpeg', '2020-06-23 21:43:06');
INSERT INTO `xq_image` VALUES (457, 16, '', '', 0, '20200623/PObVgPZQw3lYx0OdWG7vqjTmGNkDnrRICBMScKIT.jpeg', '2020-06-23 21:43:06');
INSERT INTO `xq_image` VALUES (458, 16, '', '', 0, '20200623/w6it1RCAs6b40KnCg6PXD7jFvDTDxVNu3T5r9pa3.jpeg', '2020-06-23 21:43:06');
INSERT INTO `xq_image` VALUES (459, 16, '', '', 0, '20200623/AZkLFKqO4iUe4r9bapqwroNFGFmwn7BDsLwnZN4o.jpeg', '2020-06-23 21:43:06');
INSERT INTO `xq_image` VALUES (460, 16, '', '', 0, '20200623/02x2pzKoCocyG5deEcedVa30Bqg7ueQ5t4rg5xHm.jpeg', '2020-06-23 21:43:06');
INSERT INTO `xq_image` VALUES (461, 16, '', '', 0, '20200623/xwohlSMQWudynOuaWjPRsCdPbSmMi4beWODpMXbC.jpeg', '2020-06-23 21:43:06');
INSERT INTO `xq_image` VALUES (462, 16, '', '', 0, '20200623/Y3QaIF3gxdGtMFcXx8PDIZkZeLFcreIzaQnojAmo.jpeg', '2020-06-23 21:43:06');
INSERT INTO `xq_image` VALUES (463, 16, '', '', 0, '20200623/PTHa3NqAbjO9Gd1HL8eBzkPuOC9G0YRO83oe8QBT.jpeg', '2020-06-23 21:43:06');
INSERT INTO `xq_image` VALUES (464, 16, '', '', 0, '20200623/ZnDslECvnKO6F2Kelznlx0uzchdRXEDH31AEcq4t.jpeg', '2020-06-23 21:43:06');
INSERT INTO `xq_image` VALUES (465, 16, '', '', 0, '20200623/5o7X6IJIprGAR5yjbZaEYYJpau6jSnCjbzO1EeG8.jpeg', '2020-06-23 21:43:06');
INSERT INTO `xq_image` VALUES (466, 16, '', '', 0, '20200623/E7Mz5NjgO8sYqp49DUthVRvtrae8HxBqYCdpvaQW.jpeg', '2020-06-23 21:43:06');
INSERT INTO `xq_image` VALUES (467, 16, '', '', 0, '20200623/1PmEhBtbrdGniQXpDXkWEUAKqEGdR4fMAxcUEun4.jpeg', '2020-06-23 21:43:06');
INSERT INTO `xq_image` VALUES (468, 16, '', '', 0, '20200623/NWxPXNHsL96K90QJSqwQNk6sMb07s1ygbHxETubu.jpeg', '2020-06-23 21:43:06');
INSERT INTO `xq_image` VALUES (469, 16, '', '', 0, '20200623/P34uhTsSoeFk7zOAQE5jlI1hReuChu763WmiZKuV.jpeg', '2020-06-23 21:43:06');
INSERT INTO `xq_image` VALUES (470, 16, '', '', 0, '20200623/pd5ueESk3GKaz7xf0jOe6MdinNvGjsERN2AYN0WU.jpeg', '2020-06-23 21:43:06');
INSERT INTO `xq_image` VALUES (471, 16, '', '', 0, '20200623/n3UkieaYxjxTQqOpBUF5I3omdrkW8Z5vSb82jX11.jpeg', '2020-06-23 21:43:06');
INSERT INTO `xq_image` VALUES (472, 16, '', '', 0, '20200623/umMMV1RTR3KqoRKtfS2wG3cRe4gGkgbvMcQ6R5wa.jpeg', '2020-06-23 21:43:06');
INSERT INTO `xq_image` VALUES (473, 16, '', '', 0, '20200623/G8RRxgQ2XNadkCslN3l3SaivSta9kLEJrOW68YPf.jpeg', '2020-06-23 21:43:06');
INSERT INTO `xq_image` VALUES (474, 16, '', '', 0, '20200623/HA8nU7CZeXbaJbBQJAcizRIvTDBMFPBR4Ri1narJ.jpeg', '2020-06-23 21:43:06');
INSERT INTO `xq_image` VALUES (475, 16, '', '', 0, '20200623/772PVJVHex9FdYb21rqwDe0e3veCXkESymAjMQ76.jpeg', '2020-06-23 21:43:06');
INSERT INTO `xq_image` VALUES (476, 16, '', '', 0, '20200623/Sz8fDfqJxLOB3R0lbvEzy2jQTsuvW7wZOjr33OVm.jpeg', '2020-06-23 21:43:06');
INSERT INTO `xq_image` VALUES (477, 16, '', '', 0, '20200623/O6nKkxdHgdeVGO1DnOz7LP3Do77Mvbsp7RwyY4LO.jpeg', '2020-06-23 21:43:06');
INSERT INTO `xq_image` VALUES (478, 16, '', '', 0, '20200623/AFXcgFl0NheGm4uTtqqVdRTJ3Bko29TjpayuhNbR.jpeg', '2020-06-23 21:43:06');
INSERT INTO `xq_image` VALUES (479, 16, '', '', 0, '20200623/nnHSYTHzvB7G31cZsz1eP83PZmMkgOnOskwrgkz4.jpeg', '2020-06-23 21:43:06');
INSERT INTO `xq_image` VALUES (480, 16, '', '', 0, '20200623/oXzOOcHBSXqwACn4T7rjkeGfZ9PYtkfihUEudMcS.jpeg', '2020-06-23 21:43:06');
INSERT INTO `xq_image` VALUES (481, 16, '', '', 0, '20200623/lYVe9bLnapdYyAy4ZXrQAVFCFITDRlQ7owj6SY3h.jpeg', '2020-06-23 21:43:06');
INSERT INTO `xq_image` VALUES (482, 16, '', '', 0, '20200623/a9BODxgMU7U7WGKc401rz5GtJqSXliNhabs9aeoM.jpeg', '2020-06-23 21:43:06');
INSERT INTO `xq_image` VALUES (483, 16, '', '', 0, '20200623/AgbCn29uqY6BoHwfNaQyqvYj0wdZVXYVpVsunECK.jpeg', '2020-06-23 21:43:06');
INSERT INTO `xq_image` VALUES (484, 16, '', '', 0, '20200623/lD2KDpmxmH7fwdx6sh1Ke1GlWMeu71OnAhw7XUzR.jpeg', '2020-06-23 21:43:06');
INSERT INTO `xq_image` VALUES (485, 16, '', '', 0, '20200623/OnaCzorvK9WralVIDdwIxB7Mwa3VlaNC84ftn8L5.jpeg', '2020-06-23 21:43:06');
INSERT INTO `xq_image` VALUES (486, 16, '', '', 0, '20200623/zGlThvf0ShYqRh1HTHGy5eCRSEXvee2gelRHCV07.jpeg', '2020-06-23 21:43:06');
INSERT INTO `xq_image` VALUES (487, 16, '', '', 0, '20200623/SqMZk7paF6X3GLjbuNuSbEdSZhcaq6F9QGh9dKGp.jpeg', '2020-06-23 21:43:06');
INSERT INTO `xq_image` VALUES (488, 16, '', '', 0, '20200623/hWIyuiuYNxgO4ub9Lx6UJeIWIXTsGvvUQDfuL8Tf.jpeg', '2020-06-23 21:43:06');
INSERT INTO `xq_image` VALUES (489, 16, '', '', 0, '20200623/yoeh7VFue4Ns0TDw0VYyJjUz4ZVGeJACoNKWB1Mf.jpeg', '2020-06-23 21:43:06');
INSERT INTO `xq_image` VALUES (490, 16, '', '', 0, '20200623/1r4pXI3xBZDSPY9IIBQugbbWLXf8SW3nfvMtLggh.jpeg', '2020-06-23 21:43:06');
INSERT INTO `xq_image` VALUES (491, 16, '', '', 0, '20200623/O4fKpIJGaRVEzI7qYn2gYvnEgG4906CJytalnqt8.jpeg', '2020-06-23 21:43:06');
INSERT INTO `xq_image` VALUES (492, 16, '', '', 0, '20200623/QrYXzqUDovT9ZrnpgDsKWvEqMxGMl8jHWrFQdrpc.jpeg', '2020-06-23 21:43:06');
INSERT INTO `xq_image` VALUES (493, 16, '', '', 0, '20200623/v0VvhhsCa13NHxuSmHESM9lfozHHoK1YH6nqym9Z.jpeg', '2020-06-23 21:43:06');
INSERT INTO `xq_image` VALUES (494, 16, '', '', 0, '20200623/owhZv5SQtz5fjHJdQ3k7GuebQPEcQbWWgOSEsAcc.jpeg', '2020-06-23 21:43:06');
INSERT INTO `xq_image` VALUES (495, 16, '', '', 0, '20200623/mDDF3rW6QiFWFXojISkPrbDEOL3xCUkaZicBOggw.jpeg', '2020-06-23 21:43:06');
INSERT INTO `xq_image` VALUES (496, 16, '', '', 0, '20200623/4hDOnMg0Nlbh0mzDuFh1cmY0yrWkmFEfHhjQ21Wh.jpeg', '2020-06-23 21:43:06');
INSERT INTO `xq_image` VALUES (497, 16, '', '', 0, '20200623/TlPGory0aLMJq44xbEEb9qSib6HqKfmQtahXo1Sh.jpeg', '2020-06-23 21:43:06');
INSERT INTO `xq_image` VALUES (498, 16, '', '', 0, '20200623/FtesNDxdPEFyhYA45jzTB2xdfblb9rOoeG74O4ru.jpeg', '2020-06-23 21:43:06');
INSERT INTO `xq_image` VALUES (499, 16, '', '', 0, '20200623/0tfoF9lq0os3lMMrozCNx1zEY7NPyDmB78Y9tAAj.jpeg', '2020-06-23 21:43:06');
INSERT INTO `xq_image` VALUES (500, 16, '', '', 0, '20200623/vN8yDVoD6GMYJDSuDh88PVi6EF8D22am9mTrotgV.jpeg', '2020-06-23 21:43:06');
INSERT INTO `xq_image` VALUES (501, 16, '', '', 0, '20200623/49O3DVTWQ53jrcBLTI8wMs6pO3O9WcLEotUadrl3.jpeg', '2020-06-23 21:43:06');
INSERT INTO `xq_image` VALUES (502, 16, '', '', 0, '20200623/d3k9XDUnWiUp6I0IDKTZBUP33mK6wdoAZ5J9ButH.jpeg', '2020-06-23 21:43:06');
INSERT INTO `xq_image` VALUES (503, 16, '', '', 0, '20200623/65btB8XpJdnVM0awV0oOD0QyGG7FeDjls4yhle3l.jpeg', '2020-06-23 21:43:06');
INSERT INTO `xq_image` VALUES (504, 16, '', '', 0, '20200623/kB6eNCn8ACUv1rGySg2W2dJq3hSrdGhDTa7LRl2P.jpeg', '2020-06-23 21:43:06');
INSERT INTO `xq_image` VALUES (505, 16, '', '', 0, '20200623/mgQUVRW7CponGALq8kTTyM8dRDdsorH3YrQUyB6s.jpeg', '2020-06-23 21:43:06');
INSERT INTO `xq_image` VALUES (506, 18, '', '', 0, '20200623/c38aiPxKcfMNuXvgyGFMHSjQ4PG48onHzHxsxj2g.jpeg', '2020-06-24 01:07:05');
INSERT INTO `xq_image` VALUES (507, 18, '', '', 0, '20200623/3mMVNvEtPL2z5dIsZur3uXNj4eCN00vpEtPxEKO0.jpeg', '2020-06-24 01:07:05');
INSERT INTO `xq_image` VALUES (532, 13, '', '', 0, '20200623/AfTyzcFWeiD0bTQULCtdo9yP0k4fFFTcw7Y8wiTA.jpeg', '2020-06-24 01:13:22');
INSERT INTO `xq_image` VALUES (533, 13, '', '', 0, '20200623/QOUtMjFUFDr8EgALVysN3igB2dFsNBRKRHtfXxrT.jpeg', '2020-06-24 01:13:22');
INSERT INTO `xq_image` VALUES (534, 13, '', '', 0, '20200623/HTTdcozHQRXWJsFAo9zn9ZjVcCqlqHJAOzeEU653.jpeg', '2020-06-24 01:13:22');
INSERT INTO `xq_image` VALUES (535, 13, '', '', 0, '20200623/soaZzAA5HChy2KHvg2pjRSgLPYbryfTs4cp48nQj.jpeg', '2020-06-24 01:13:22');
INSERT INTO `xq_image` VALUES (536, 13, '', '', 0, '20200623/6fOubtNrSRdquJfnfLBALtC1qPr4nUOhMYCKV39T.jpeg', '2020-06-24 01:13:22');
INSERT INTO `xq_image` VALUES (537, 13, '', '', 0, '20200623/znIODH1C23JCk3hgz6EEU4dQpTTpsNLWlqQrg0GN.jpeg', '2020-06-24 01:13:22');
INSERT INTO `xq_image` VALUES (538, 13, '', '', 0, '20200623/oY2bl106QMcwrIZrRBctnJ4v9gIRe9BWwHBrVLjx.jpeg', '2020-06-24 01:13:22');
INSERT INTO `xq_image` VALUES (539, 13, '', '', 0, '20200623/zzWjzLxJYVYnDQWR4FhxPzcmJgayJ2dV1lX96QpX.jpeg', '2020-06-24 01:13:22');
INSERT INTO `xq_image` VALUES (540, 13, '', '', 0, '20200623/s5iUc3prLLRzlgLeNt5D0PD3sM9ksejn8hZfXXW7.jpeg', '2020-06-24 01:13:22');
INSERT INTO `xq_image` VALUES (541, 13, '', '', 0, '20200623/NCGJeOO7INaOlxey5Sg0yx6gMc2w9WUybR55NHSW.jpeg', '2020-06-24 01:13:22');
INSERT INTO `xq_image` VALUES (542, 13, '', '', 0, '20200623/Fkogas0gDOF6Wib9w9fikGsOPKdLUcyYuSFmTcCg.jpeg', '2020-06-24 01:13:22');
INSERT INTO `xq_image` VALUES (543, 13, '', '', 0, '20200623/fvSmgevWiZEn8gHbmVmTZ83010uWkr9HUIHSWVby.jpeg', '2020-06-24 01:13:22');
INSERT INTO `xq_image` VALUES (544, 13, '', '', 0, '20200623/E5DF17zNCQk8mOK94My6rePzlU12hPHH2v2hho6u.jpeg', '2020-06-24 01:13:22');
INSERT INTO `xq_image` VALUES (545, 13, '', '', 0, '20200623/UApRgefbKDvdvUbXXzw0PjCPtfEU7AhJgtfAlm83.jpeg', '2020-06-24 01:13:22');
INSERT INTO `xq_image` VALUES (546, 13, '', '', 0, '20200623/HVJmH7X8ttGsRjmVv8yXM8MXkC87IhMnbFjAHsD2.jpeg', '2020-06-24 01:13:22');
INSERT INTO `xq_image` VALUES (547, 13, '', '', 0, '20200623/RyevxSaxO4cGA84AzC3eIRkCJZ0oo7JyJHI6yv2A.jpeg', '2020-06-24 01:13:22');
INSERT INTO `xq_image` VALUES (548, 13, '', '', 0, '20200623/c35CssEtJO7BX0PrawFZs9Z3BJDurnBIaeOBnybJ.jpeg', '2020-06-24 01:13:22');
INSERT INTO `xq_image` VALUES (549, 13, '', '', 0, '20200623/uZrNEAS7ljcd4Wkf5ibzLVN8URHR78JIMTTYjYxx.jpeg', '2020-06-24 01:13:22');
INSERT INTO `xq_image` VALUES (550, 13, '', '', 0, '20200623/yTU0APLEkTHoShEhLhqukk5AzyctTHRZUPnOpK5S.jpeg', '2020-06-24 01:13:22');
INSERT INTO `xq_image` VALUES (551, 13, '', '', 0, '20200623/4B2MUrGUWplvbyZutORohwhB5QVxx2JWOA5DFo4Y.jpeg', '2020-06-24 01:13:22');
INSERT INTO `xq_image` VALUES (552, 13, '', '', 0, '20200623/1zeBaGYLm9sUpUe9sidCB7NP29lFDa6pKadtv2pZ.jpeg', '2020-06-24 01:13:22');
INSERT INTO `xq_image` VALUES (553, 13, '', '', 0, '20200623/QuiwxM0IlHhgIu0hIFaOLZ7hDCpAYV7xSGRIY2mo.jpeg', '2020-06-24 01:13:22');
INSERT INTO `xq_image` VALUES (554, 13, '', '', 0, '20200623/gbxudeC87JZsAueBDBhK3SApRyVxNSV44PKdLKw2.jpeg', '2020-06-24 01:13:22');
INSERT INTO `xq_image` VALUES (555, 13, '', '', 0, '20200623/zCcXm40muyqAvRudSaJ6CgeWzdKd8GKLYX6IMJtn.jpeg', '2020-06-24 01:13:22');
INSERT INTO `xq_image` VALUES (556, 13, '', '', 0, '20200623/Vf4tN1arLsLqryHos1FYQysFD9xMEFS51W3YWfV0.jpeg', '2020-06-24 01:13:22');
INSERT INTO `xq_image` VALUES (557, 13, '', '', 0, '20200623/d9KoWSXRynayLSl3OQ4175Dc2vEfd8NZ5exjGkqp.jpeg', '2020-06-24 01:13:22');
INSERT INTO `xq_image` VALUES (558, 13, '', '', 0, '20200623/ZVhM0t2NRpKTp7nPepPvQJMOK7cKXqrv2z4nSIo5.jpeg', '2020-06-24 01:13:22');
INSERT INTO `xq_image` VALUES (559, 13, '', '', 0, '20200623/jyE9M5YhMWkhRlqCPuKQcKbTcfSbydN5xrbJ5Jbb.jpeg', '2020-06-24 01:13:22');
INSERT INTO `xq_image` VALUES (560, 13, '', '', 0, '20200623/NwDdxtCl4yaRiYnCdntXNU4c9L82yWRBTIl30UPA.jpeg', '2020-06-24 01:13:22');
INSERT INTO `xq_image` VALUES (561, 13, '', '', 0, '20200623/dLnTBQy6cXTx9S3QabKZwiIP188IOvD0pAhOAbdr.jpeg', '2020-06-24 01:13:22');
INSERT INTO `xq_image` VALUES (562, 13, '', '', 0, '20200623/vNIbiKchGUOOp4oVfqKuB5fseh1rOLncCXATgzon.jpeg', '2020-06-24 01:13:22');
INSERT INTO `xq_image` VALUES (563, 13, '', '', 0, '20200623/4cOFvr7Zoiz1jxYXVwDzXUR9hJDMzeBxk7K7Dr1G.jpeg', '2020-06-24 01:13:22');
INSERT INTO `xq_image` VALUES (564, 13, '', '', 0, '20200623/MdY97y6jf6R6QLithnopeiWFXNiEJiULqwL8D1FA.jpeg', '2020-06-24 01:13:22');
INSERT INTO `xq_image` VALUES (565, 13, '', '', 0, '20200623/xPJJWzXfvCARdbaon4KRgQjHVoIe7WtTFCtctzg9.jpeg', '2020-06-24 01:13:22');
INSERT INTO `xq_image` VALUES (566, 13, '', '', 0, '20200623/LyuXugduqd8OTSnyJhjkXuVEcwyoYBG3PMkwTTMB.jpeg', '2020-06-24 01:13:22');
INSERT INTO `xq_image` VALUES (567, 13, '', '', 0, '20200623/rEbKD1dxg4EupMZzLvU0GlK7ORNwTtc4kqgKvjlk.jpeg', '2020-06-24 01:13:22');
INSERT INTO `xq_image` VALUES (568, 13, '', '', 0, '20200623/cGId1FwXDXTIoFkBEPnmk9CwdmD2kHHepOhV5ctj.jpeg', '2020-06-24 01:13:22');
INSERT INTO `xq_image` VALUES (569, 13, '', '', 0, '20200623/NestZRCvxKULN1OTs1pxOxd9ictvtiQLM9cfFIh3.jpeg', '2020-06-24 01:13:22');
INSERT INTO `xq_image` VALUES (570, 13, '', '', 0, '20200623/mto1It2vi2E2Bg48eBnozV6q5D8Jgj2y51Z0ItWt.jpeg', '2020-06-24 01:13:22');
INSERT INTO `xq_image` VALUES (571, 13, '', '', 0, '20200623/VyiEm1Kvaz1gkQwDdIjzlXq2LM4GzeuGi819UXXZ.jpeg', '2020-06-24 01:13:22');
INSERT INTO `xq_image` VALUES (572, 13, '', '', 0, '20200623/w3Lx9AglfqALnGdOyRIvR1P8yI8rAc83FEhmFe1a.jpeg', '2020-06-24 01:13:22');
INSERT INTO `xq_image` VALUES (573, 13, '', '', 0, '20200623/uHMEOsZIYVfyigGBZ5HDMCLT9aVtxRMIXH4oVX4D.jpeg', '2020-06-24 01:13:22');
INSERT INTO `xq_image` VALUES (574, 13, '', '', 0, '20200623/hkecPszcfl91eusZCIHYsIJsiOHeWbhwPhRU0kkb.jpeg', '2020-06-24 01:13:22');
INSERT INTO `xq_image` VALUES (575, 13, '', '', 0, '20200623/px6HSBAA5MP6Twx1iIQs0ruxa42VqUwnP60oJhdD.jpeg', '2020-06-24 01:13:22');
INSERT INTO `xq_image` VALUES (576, 13, '', '', 0, '20200623/yuHjvjA9BkM7jodkUbQFiT1zz09WzVrFkmTGzyIR.jpeg', '2020-06-24 01:13:22');
INSERT INTO `xq_image` VALUES (577, 13, '', '', 0, '20200623/uI4Ci3sv16qCfrKC2usX0nZvW4qIfs3Bvn0duIyu.jpeg', '2020-06-24 01:13:22');
INSERT INTO `xq_image` VALUES (578, 13, '', '', 0, '20200623/XE54GpLGfC5gEQ6hmOdNHEEy0G2mERdJpxrq9Jx2.jpeg', '2020-06-24 01:13:22');
INSERT INTO `xq_image` VALUES (579, 13, '', '', 0, '20200623/zgXDHVUeGaYRCKzDTMX27ZuNH9jNMvLF0X2kROMf.jpeg', '2020-06-24 01:13:22');
INSERT INTO `xq_image` VALUES (580, 13, '', '', 0, '20200623/pEk1uXZJuSnpQ19mHXmZgVaWpJ6Ff3ygD3gizMqu.jpeg', '2020-06-24 01:13:22');
INSERT INTO `xq_image` VALUES (581, 13, '', '', 0, '20200623/GC5p1oDbtPs3GrNV9n4ThUlOgpUmGZmSMfMvqcfz.jpeg', '2020-06-24 01:13:22');
INSERT INTO `xq_image` VALUES (582, 13, '', '', 0, '20200623/awdGxrtn7GckS0YGeBGuZTkrLBfGquFM1cxv105z.jpeg', '2020-06-24 01:13:22');
INSERT INTO `xq_image` VALUES (583, 12, '', '', 0, '20200623/k3nEmn866mZpyDjTzCpf731jU36lDxnR0LCFRqUI.jpeg', '2020-06-24 01:23:11');
INSERT INTO `xq_image` VALUES (584, 12, '', '', 0, '20200623/6eQKBnkMcTHOPHkUPfYt1VN4iNLIt6SjEy0fcHDI.jpeg', '2020-06-24 01:23:11');
INSERT INTO `xq_image` VALUES (585, 12, '', '', 0, '20200623/ZTAsBB0vpRvYl7OnJIPwa0Lu9JezOIeipIS7QYCL.jpeg', '2020-06-24 01:23:11');
INSERT INTO `xq_image` VALUES (586, 12, '', '', 0, '20200623/J23LKJvoDcIKlPdAQ2HELd5DMUT7F1ANHaVvrEl6.jpeg', '2020-06-24 01:23:11');
INSERT INTO `xq_image` VALUES (587, 12, '', '', 0, '20200623/zBvoQGAnrRxkQnfSOdPorApugRU7uXfXvhr7kRSv.jpeg', '2020-06-24 01:23:11');
INSERT INTO `xq_image` VALUES (588, 12, '', '', 0, '20200623/rxjFenwsNNtoPohVglTNlX2zc4MXjOnfOmLgzAEY.jpeg', '2020-06-24 01:23:11');
INSERT INTO `xq_image` VALUES (589, 12, '', '', 0, '20200623/utT1gFvCKemM70bjVnXtUstglmE9KePteZSxTxMS.jpeg', '2020-06-24 01:23:11');
INSERT INTO `xq_image` VALUES (590, 12, '', '', 0, '20200623/wuCBMaJzYZ9j0cSygJAffll9YaFEYNpYv1DHniEQ.jpeg', '2020-06-24 01:23:11');
INSERT INTO `xq_image` VALUES (591, 12, '', '', 0, '20200623/h8PJs1aFihwLyz8J37gwdGdcwgMpzFHtzUjlIEYI.jpeg', '2020-06-24 01:23:11');
INSERT INTO `xq_image` VALUES (592, 12, '', '', 0, '20200623/PlGNGbJjyvizrTZzLT5vqBsUCxRq1ZCCOORY3Gbs.jpeg', '2020-06-24 01:23:11');
INSERT INTO `xq_image` VALUES (593, 12, '', '', 0, '20200623/WoKwzE5d1vZT5U5Eymb4KxyjzZvX3aL3PrFcZqu4.jpeg', '2020-06-24 01:23:11');
INSERT INTO `xq_image` VALUES (594, 12, '', '', 0, '20200623/HqaJsathIJagLN8XmIYM5XpfN5Jpwq3YJfzTJTXr.jpeg', '2020-06-24 01:23:11');
INSERT INTO `xq_image` VALUES (595, 12, '', '', 0, '20200623/ARV2WMU4R10JGtKLjb72LZ2bCpCuEA00R0BJwHYh.jpeg', '2020-06-24 01:23:11');
INSERT INTO `xq_image` VALUES (596, 12, '', '', 0, '20200623/NTf4VV2mNIcHKIJzBW2X0e2VBtamTozDGbs39Npj.jpeg', '2020-06-24 01:23:11');
INSERT INTO `xq_image` VALUES (597, 12, '', '', 0, '20200623/li39knuwo8SAeQrD61dpb00QEDyCmT14Sbr6N4he.jpeg', '2020-06-24 01:23:11');
INSERT INTO `xq_image` VALUES (598, 12, '', '', 0, '20200623/dqs8DGqNWoUdN2ynojPEmuLmPXVZWT9TVYBOEKNT.jpeg', '2020-06-24 01:23:11');
INSERT INTO `xq_image` VALUES (599, 12, '', '', 0, '20200623/m3ksw1C6pGOA7AaXIMdxN1gurplDUXjLZw6tZ98l.jpeg', '2020-06-24 01:23:11');
INSERT INTO `xq_image` VALUES (600, 12, '', '', 0, '20200623/qdM8UL4sY5DXnuiart6vw9OXjfm8ovUo0Mjv7osk.jpeg', '2020-06-24 01:23:11');
INSERT INTO `xq_image` VALUES (601, 12, '', '', 0, '20200623/TS7hiW4HFji65UmHvjiyGaVxrQfiF1EYRND1dCRq.jpeg', '2020-06-24 01:23:11');
INSERT INTO `xq_image` VALUES (602, 12, '', '', 0, '20200623/3d5JqP2tx3CrjmzbgPYqGlbmSQmvfquWD0FZ83BO.jpeg', '2020-06-24 01:23:11');
INSERT INTO `xq_image` VALUES (603, 12, '', '', 0, '20200623/TAWu0WvzW2iNfFMSsgUYKGIepnKauX3OBn9eisiU.jpeg', '2020-06-24 01:23:11');
INSERT INTO `xq_image` VALUES (604, 12, '', '', 0, '20200623/cG5NHCnFFWXyHvL5w3x7DCjWUHmaEvw97mVk1d4V.jpeg', '2020-06-24 01:23:11');
INSERT INTO `xq_image` VALUES (605, 12, '', '', 0, '20200623/6FONhkbk52bQUuymShaEZ6hOcbMEJaLPphmCVvkC.jpeg', '2020-06-24 01:23:11');
INSERT INTO `xq_image` VALUES (606, 12, '', '', 0, '20200623/4sTxNa2OicA4F0F1e0K5BMUlxg70y5eqATzGY7ZY.jpeg', '2020-06-24 01:23:11');
INSERT INTO `xq_image` VALUES (607, 12, '', '', 0, '20200623/aH2fEYyqfj5zN3XH9VUkeTxBMl2VbLN7h1A3kekB.jpeg', '2020-06-24 01:23:11');
INSERT INTO `xq_image` VALUES (608, 12, '', '', 0, '20200623/TJAQkd58gaFDu9qi4JL71zyb8mMzjyygnOYLGaRL.jpeg', '2020-06-24 01:23:11');
INSERT INTO `xq_image` VALUES (609, 12, '', '', 0, '20200623/TrTGMhMid8ZDNbqY3pm8Y1QfTjaaWgQRpRXrj0v5.jpeg', '2020-06-24 01:23:11');
INSERT INTO `xq_image` VALUES (610, 12, '', '', 0, '20200623/4iDsziWwnQe9w3461u9IEcGWrsIw3Fvlbf8t3YLy.jpeg', '2020-06-24 01:23:11');
INSERT INTO `xq_image` VALUES (611, 12, '', '', 0, '20200623/CfTfO3EOEEXd2OA38XVGiOZUvbbnKc3ziBjKNY4J.jpeg', '2020-06-24 01:23:11');
INSERT INTO `xq_image` VALUES (612, 12, '', '', 0, '20200623/URF69uNhDgc7xolVcR4qfIqKgm75mwvLR3R3N4Nj.jpeg', '2020-06-24 01:23:11');
INSERT INTO `xq_image` VALUES (613, 12, '', '', 0, '20200623/DmNDOvy4ldCKrW7xEOjeBm9a6GRbNcimMgCh35F4.jpeg', '2020-06-24 01:23:11');
INSERT INTO `xq_image` VALUES (614, 12, '', '', 0, '20200623/T7Ost3cKWBkygt606IvWGJeyqSSuBEv1quUWopic.jpeg', '2020-06-24 01:23:11');
INSERT INTO `xq_image` VALUES (615, 12, '', '', 0, '20200623/wH5z9aDURVWnkV04NvWISZ5UdPvEPE7LwFJMXc3J.jpeg', '2020-06-24 01:23:11');
INSERT INTO `xq_image` VALUES (616, 12, '', '', 0, '20200623/CLTyxBiQy5A7cujhD6u50CxfxwkW5ByBGQooJjY2.jpeg', '2020-06-24 01:23:11');
INSERT INTO `xq_image` VALUES (617, 12, '', '', 0, '20200623/ythJHGnZ9irKyoHGyXFx4psmC5eKjZMU45LzooXA.jpeg', '2020-06-24 01:23:11');
INSERT INTO `xq_image` VALUES (618, 12, '', '', 0, '20200623/Qo3WIUHFNSnr0nGKCCY6TGfwwfR2A9bHMZpQFste.jpeg', '2020-06-24 01:23:11');
INSERT INTO `xq_image` VALUES (619, 12, '', '', 0, '20200623/P2bGTRkkIbSSmrS2V0jMW7rOEYvxaVm8V557wAs7.jpeg', '2020-06-24 01:23:11');
INSERT INTO `xq_image` VALUES (620, 12, '', '', 0, '20200623/8SHXoE7EvDSpDesBmrNLwT7mjndWSOl7lD2VpMrl.jpeg', '2020-06-24 01:23:11');
INSERT INTO `xq_image` VALUES (621, 12, '', '', 0, '20200623/FqoriYHOWMHkIdVaSTIlstTzMJCbtmUuRp6Sb1Tg.jpeg', '2020-06-24 01:23:11');
INSERT INTO `xq_image` VALUES (622, 12, '', '', 0, '20200623/g7KUn5TMbp0gp13GVmtOP7ixr8U37Wae6Dnygdcu.jpeg', '2020-06-24 01:23:11');
INSERT INTO `xq_image` VALUES (623, 12, '', '', 0, '20200623/TrXFi1VUYeV1pVOP14lNDTyCKyIwgAlqgsuo31EK.jpeg', '2020-06-24 01:23:11');
INSERT INTO `xq_image` VALUES (624, 12, '', '', 0, '20200623/e7wiMAvX3BAgiMKpxUkLYnV2XdvptVrsitqk8Mok.jpeg', '2020-06-24 01:23:11');
INSERT INTO `xq_image` VALUES (625, 12, '', '', 0, '20200623/Ac3wh5mgv3bZPZjkMzirq77PDDX2Pc7frOaB8RnN.jpeg', '2020-06-24 01:23:11');
INSERT INTO `xq_image` VALUES (626, 12, '', '', 0, '20200623/lY77K4rCLNeKgyfmlIbIbJUTa39YD0LkK2ndNkgg.jpeg', '2020-06-24 01:23:11');
INSERT INTO `xq_image` VALUES (627, 12, '', '', 0, '20200623/s6u7VziPBSyia9os6pS9W365YIa4DQ6ZI2F6Jp1G.jpeg', '2020-06-24 01:23:11');
INSERT INTO `xq_image` VALUES (628, 12, '', '', 0, '20200623/u9GfVdY3gPywMaC2dgMrrq5UEpt0s1apDultcXQL.jpeg', '2020-06-24 01:23:11');
INSERT INTO `xq_image` VALUES (629, 12, '', '', 0, '20200623/6dhUvp8q3b3Lph7jqZBfvSr3NJ9s0VDZY3GLCVqj.jpeg', '2020-06-24 01:23:11');
INSERT INTO `xq_image` VALUES (630, 12, '', '', 0, '20200623/oygfHXlkXkUhliAu8iP4speom2aZX6PdzZBzAoYh.jpeg', '2020-06-24 01:23:11');
INSERT INTO `xq_image` VALUES (631, 12, '', '', 0, '20200623/87Ypa8Mzqfk5nE55FeXb2sjR2196O3Z7VrFMnQ9U.jpeg', '2020-06-24 01:23:11');
INSERT INTO `xq_image` VALUES (632, 12, '', '', 0, '20200623/q2sF5jcOsClHJsROVOiU8n3gHlOnTZobA64kdipT.jpeg', '2020-06-24 01:23:11');
INSERT INTO `xq_image` VALUES (633, 12, '', '', 0, '20200623/rMwCOdQ0nsDBNVndy8SgY6ckqfLfvhkUVbgdyaYu.jpeg', '2020-06-24 01:23:11');
INSERT INTO `xq_image` VALUES (634, 12, '', '', 0, '20200623/KLHntgXiLjwYrV24dRGphQFgxn9vstTtU7a1QKoM.jpeg', '2020-06-24 01:23:11');
INSERT INTO `xq_image` VALUES (635, 12, '', '', 0, '20200623/uYLxP7dHgckspQf7rPyI8KnMLP6BmpBFO0neqMej.jpeg', '2020-06-24 01:23:11');
INSERT INTO `xq_image` VALUES (636, 12, '', '', 0, '20200623/7FRIeAztoXgD6JvvdcfBQUWitpwvzfYYb0Hm0syL.jpeg', '2020-06-24 01:23:11');
INSERT INTO `xq_image` VALUES (637, 12, '', '', 0, '20200623/SzI8fKWswLL5ywDrPDVmIkAZaWRoakFUo9YQxdxO.jpeg', '2020-06-24 01:23:11');
INSERT INTO `xq_image` VALUES (638, 12, '', '', 0, '20200623/1PxxViF0tS2ol2aDTDzQf8XUyMujRn8mETU4OMao.jpeg', '2020-06-24 01:23:11');
INSERT INTO `xq_image` VALUES (639, 12, '', '', 0, '20200623/ngAZHTQYPVQGgPe6hFsbGSPUz85WaZX349Y0qWBd.jpeg', '2020-06-24 01:23:11');
INSERT INTO `xq_image` VALUES (640, 12, '', '', 0, '20200623/hO2GRgj4D0efkQnoxWUikIf4GSOJQEOT2sFBZ5ig.jpeg', '2020-06-24 01:23:11');
INSERT INTO `xq_image` VALUES (641, 12, '', '', 0, '20200623/zwvbupDJdnz7kxAaYsOFPjPZaidTbLwFYAoysoe6.jpeg', '2020-06-24 01:23:11');
INSERT INTO `xq_image` VALUES (642, 12, '', '', 0, '20200623/hpWHO82GQAE3EKaqqJfgo7sWayjRxwdoZM8uquRM.jpeg', '2020-06-24 01:23:11');
INSERT INTO `xq_image` VALUES (643, 12, '', '', 0, '20200623/KKzDk4141bhIifq15jeNmGt8wZRFpKaqrSsZaNIo.jpeg', '2020-06-24 01:23:11');
INSERT INTO `xq_image` VALUES (644, 12, '', '', 0, '20200623/mcn9KqOr8jt3UrT8M2RI6vMngMlO6nPXA7GCWn6A.jpeg', '2020-06-24 01:23:11');
INSERT INTO `xq_image` VALUES (645, 12, '', '', 0, '20200623/au4zNbaRNBP5mJsmsyLqe9Agggqcwsft8lTga24e.jpeg', '2020-06-24 01:23:11');
INSERT INTO `xq_image` VALUES (646, 12, '', '', 0, '20200623/3VH8aXwHgaT9bzscIphWllrOW0xFuysySevzW3rZ.jpeg', '2020-06-24 01:23:11');
INSERT INTO `xq_image` VALUES (773, 17, '', '', 0, '20200623/SbpP5qoDyMgNFUx6V3DWuw8PptdKKwtOoU313Zpi.jpeg', '2020-06-24 03:32:20');
INSERT INTO `xq_image` VALUES (774, 17, '', '', 0, '20200623/KBQETQkkwy4IRqJv42gTBIGRhEGoQBMbFDZRGsnq.jpeg', '2020-06-24 03:32:20');
INSERT INTO `xq_image` VALUES (775, 17, '', '', 0, '20200623/102ZjpXwjVRGaZeiPnqywlrz9AEByiY5Ty1YdzMy.jpeg', '2020-06-24 03:32:20');
INSERT INTO `xq_image` VALUES (776, 17, '', '', 0, '20200623/6HXruHOZAA0VboyThDx1FUwHVo9c7QnYKjOhNPXy.jpeg', '2020-06-24 03:32:20');
INSERT INTO `xq_image` VALUES (777, 17, '', '', 0, '20200623/VWhg77dxs2nD5chSR4ywY70hFWLWHrwreXK4mxfo.jpeg', '2020-06-24 03:32:20');
INSERT INTO `xq_image` VALUES (778, 17, '', '', 0, '20200623/TJ0Ko9yhLqgQ9VgJjV8dxYrAnYscHgFI0hurp1g4.jpeg', '2020-06-24 03:32:20');
INSERT INTO `xq_image` VALUES (779, 17, '', '', 0, '20200623/pujEl5FOsBZup2WtXAyAA8F3gNPGe7eJMOogDtCC.jpeg', '2020-06-24 03:32:20');
INSERT INTO `xq_image` VALUES (780, 17, '', '', 0, '20200623/1YefWlluzkcxjy9dI3tDM5z4fTNdm9bLN0DjInw8.jpeg', '2020-06-24 03:32:20');
INSERT INTO `xq_image` VALUES (781, 17, '', '', 0, '20200623/RDs1jJ6W7ceYZnCEodFYyS3WMpFWtoxRs8PvFjau.jpeg', '2020-06-24 03:32:20');
INSERT INTO `xq_image` VALUES (782, 17, '', '', 0, '20200623/LZ2iKdBU2bLLuiwonxP0xYS33Jv1hF3r7mpmT38s.jpeg', '2020-06-24 03:32:20');
INSERT INTO `xq_image` VALUES (783, 17, '', '', 0, '20200623/6jsPFXn8jDPJne0rGypxWuydPBKzhkPJvbZrIXVX.jpeg', '2020-06-24 03:32:20');
INSERT INTO `xq_image` VALUES (784, 17, '', '', 0, '20200623/nKa69gSNThbuS5xIO7YKTmguL1aalc4YgJKSxBjJ.jpeg', '2020-06-24 03:32:20');
INSERT INTO `xq_image` VALUES (785, 17, '', '', 0, '20200623/Z9H0jlJaBOQgx5y0d9ludKPSA5FtMtBI8uNUxBXl.jpeg', '2020-06-24 03:32:20');
INSERT INTO `xq_image` VALUES (786, 17, '', '', 0, '20200623/Qe5Xs9jk7HNzyKpwzBVRcksTFDj4YWeONF9VVP8Z.jpeg', '2020-06-24 03:32:20');
INSERT INTO `xq_image` VALUES (787, 17, '', '', 0, '20200623/caLdRUTUsZwX00FyaZbnrSXJeRVGmonmwCQRmmPH.jpeg', '2020-06-24 03:32:20');
INSERT INTO `xq_image` VALUES (788, 17, '', '', 0, '20200623/CuldbTf0eR2jjIE3KKljisOYZW8JfMRGlvkByop4.jpeg', '2020-06-24 03:32:20');
INSERT INTO `xq_image` VALUES (789, 17, '', '', 0, '20200623/3Flgt6K5cY7k7Yu1J8xg7sj4bawpP2ZzSHmqwN6u.jpeg', '2020-06-24 03:32:20');
INSERT INTO `xq_image` VALUES (790, 17, '', '', 0, '20200623/2QrDKjRqooTD8JbY742VzJaTlp99pn5A0oqbMtuC.jpeg', '2020-06-24 03:32:20');
INSERT INTO `xq_image` VALUES (791, 17, '', '', 0, '20200623/QX8B5UfdVzmQcnj6P67wOkSpdqI4U1IE7mPxTDvu.jpeg', '2020-06-24 03:32:20');
INSERT INTO `xq_image` VALUES (792, 17, '', '', 0, '20200623/RbLsQMwRW8ENjTWA3JXW8OlLeGM9SGtKghdqLUbv.jpeg', '2020-06-24 03:32:20');
INSERT INTO `xq_image` VALUES (793, 17, '', '', 0, '20200623/7m6IV3H2NHW1rJDlttmouZe7tUxmCWIpJdBZwTFC.jpeg', '2020-06-24 03:32:20');
INSERT INTO `xq_image` VALUES (794, 17, '', '', 0, '20200623/zy8azzR8yuKNSShK9P1f9sP4ao7FZrsjP58E51VQ.jpeg', '2020-06-24 03:32:20');
INSERT INTO `xq_image` VALUES (795, 17, '', '', 0, '20200623/E70wBQFzKexYFtyp8dEHm3lOWnLfhbwMreR1KQ7W.jpeg', '2020-06-24 03:32:20');
INSERT INTO `xq_image` VALUES (796, 17, '', '', 0, '20200623/k3M87ex6qw8aQqKprvGwhZVizwrFAjDTxb3E0PYJ.jpeg', '2020-06-24 03:32:20');
INSERT INTO `xq_image` VALUES (797, 17, '', '', 0, '20200623/gt1aYeB2haVz8wd2eY9xYzY8VjSVRGrQcigr0qEq.jpeg', '2020-06-24 03:32:20');
INSERT INTO `xq_image` VALUES (798, 17, '', '', 0, '20200623/Ye0Z5szVHEDieNDhiCP4MNHw30gWDdcPJwaQaIs3.jpeg', '2020-06-24 03:32:20');
INSERT INTO `xq_image` VALUES (799, 17, '', '', 0, '20200623/h39NXMPq1ejU8lxzxEAYgokRVq2SOoDk6X0yQqZu.jpeg', '2020-06-24 03:32:20');
INSERT INTO `xq_image` VALUES (800, 17, '', '', 0, '20200623/bIlAUspNS8zbeLJ1UvgozJnEpxRXDXUoOKR8DDXh.jpeg', '2020-06-24 03:32:20');
INSERT INTO `xq_image` VALUES (801, 17, '', '', 0, '20200623/VgHbKMdUdStq3YQcUiDjBIj97dAUYpLgSmlYS5KZ.jpeg', '2020-06-24 03:32:20');
INSERT INTO `xq_image` VALUES (802, 17, '', '', 0, '20200623/ahIdARttu49d4Q0ET6MC1tYtQyacQZLOEoiq7oPD.jpeg', '2020-06-24 03:32:20');
INSERT INTO `xq_image` VALUES (803, 17, '', '', 0, '20200623/YlEvm2WAIJmTZC08XJTGQfTiXOZwNC6VVNj0lHHx.jpeg', '2020-06-24 03:32:20');
INSERT INTO `xq_image` VALUES (804, 17, '', '', 0, '20200623/naIC0CGGU2K2GNPbMFwVKOBhq1ofWaWkX1lvqRwj.jpeg', '2020-06-24 03:32:20');
INSERT INTO `xq_image` VALUES (805, 17, '', '', 0, '20200623/DtvVv5UdQ54uxcWvpSiE9bWNhaC8CsOPFJMULwQ9.jpeg', '2020-06-24 03:32:20');
INSERT INTO `xq_image` VALUES (806, 17, '', '', 0, '20200623/3Q8SUkxxOPUpgcYloukWSZLA1yqJFNklLJGYxhY8.jpeg', '2020-06-24 03:32:20');
INSERT INTO `xq_image` VALUES (807, 17, '', '', 0, '20200623/twouMe44bAAw9qUBHl2vzcJDWZkWbFMXlcgED5NQ.jpeg', '2020-06-24 03:32:20');
INSERT INTO `xq_image` VALUES (808, 17, '', '', 0, '20200623/zZUNkPsMpXFWzTlYoA9UGGyaEsgaNxaxBApQlN7s.jpeg', '2020-06-24 03:32:20');
INSERT INTO `xq_image` VALUES (809, 17, '', '', 0, '20200623/ljDd4we7gmFGUkw7XB3O5Ug2iSs6bCMqYPmvcLgK.jpeg', '2020-06-24 03:32:20');
INSERT INTO `xq_image` VALUES (810, 17, '', '', 0, '20200623/MKtzSgYIIOBHQEey0zgLb9fOcJhvBCm00BCBYUjd.jpeg', '2020-06-24 03:32:20');
INSERT INTO `xq_image` VALUES (811, 17, '', '', 0, '20200623/9ENFpQqjdYUfKtP7d3OFlXM4Is1QqnO6HWcvbz59.jpeg', '2020-06-24 03:32:20');
INSERT INTO `xq_image` VALUES (812, 17, '', '', 0, '20200623/Osnl6JEKs2Jz7aJuhZmtVbQw6uEBtnM3QrXR0R85.jpeg', '2020-06-24 03:32:20');
INSERT INTO `xq_image` VALUES (813, 17, '', '', 0, '20200623/7JJBl2eFK9qChtZ9PzCSQpcburFbqmMmCYc0lMZG.jpeg', '2020-06-24 03:32:20');
INSERT INTO `xq_image` VALUES (814, 17, '', '', 0, '20200623/tTcirCa4QzdbUjmcGrywYppKDNKCLYkrOGaU4YW0.jpeg', '2020-06-24 03:32:20');
INSERT INTO `xq_image` VALUES (815, 17, '', '', 0, '20200623/weXqmSiAAslvWWFtUuNGBD2B9vQeF1rwEzfQliop.jpeg', '2020-06-24 03:32:20');
INSERT INTO `xq_image` VALUES (816, 17, '', '', 0, '20200623/86CTsv5CYooXrmliAYDCqRk2NE1NG99fkGkKUkiU.jpeg', '2020-06-24 03:32:20');
INSERT INTO `xq_image` VALUES (817, 17, '', '', 0, '20200623/yjXQgwQfvEgqthwk8mi3MkZpDOOVk5b7oMKdoP1G.jpeg', '2020-06-24 03:32:20');
INSERT INTO `xq_image` VALUES (818, 17, '', '', 0, '20200623/SV2ddUcUcqH673Glj4VbFYjS1wq01ZLNra88DgJQ.jpeg', '2020-06-24 03:32:20');
INSERT INTO `xq_image` VALUES (819, 17, '', '', 0, '20200623/UjUyqqudrWTalNFDgaD6LIAHUKYxPBOsKag5Fi4H.jpeg', '2020-06-24 03:32:20');
INSERT INTO `xq_image` VALUES (820, 17, '', '', 0, '20200623/ufEGnxHvrH33QcOjEQc3C29fA66LQlk1Nhx7HLv6.jpeg', '2020-06-24 03:32:20');
INSERT INTO `xq_image` VALUES (821, 17, '', '', 0, '20200623/OPxM0Y4ZyoNTalF1zUuZoX6yzCgRg9Tfk5Rywa8h.jpeg', '2020-06-24 03:32:20');
INSERT INTO `xq_image` VALUES (822, 17, '', '', 0, '20200623/fGKAkcgKsO0t05KZgHajVEbX043I3QcIhixwPUFx.jpeg', '2020-06-24 03:32:20');
INSERT INTO `xq_image` VALUES (823, 17, '', '', 0, '20200623/2GuOYLF1QTxbSyUDdaNibt0l2sZ6236HKtHuZZAs.jpeg', '2020-06-24 03:32:20');
INSERT INTO `xq_image` VALUES (824, 17, '', '', 0, '20200623/bsRS29ZQ38vpHxZac48tS84WEO9KYIkfiO9HBv6q.jpeg', '2020-06-24 03:32:20');
INSERT INTO `xq_image` VALUES (825, 17, '', '', 0, '20200623/JFAtKlJZSfXYabDCcJqLufbq707Y5oQdVfIntzwr.jpeg', '2020-06-24 03:32:20');
INSERT INTO `xq_image` VALUES (826, 17, '', '', 0, '20200623/zGdcRAmp6Wxgca9kHfZqteK200GT4JvPhFlgVD4v.jpeg', '2020-06-24 03:32:20');
INSERT INTO `xq_image` VALUES (827, 17, '', '', 0, '20200623/yHHrhtwovnrCmBqtHgsNwZni7lfxv1bQhcUz0bDx.jpeg', '2020-06-24 03:32:20');
INSERT INTO `xq_image` VALUES (828, 17, '', '', 0, '20200623/hdLK3thKeuj4PM3sKanMRnJAwllUzg2V5LlGEvNV.jpeg', '2020-06-24 03:32:20');
INSERT INTO `xq_image` VALUES (829, 17, '', '', 0, '20200623/8hrZA8YTMDzm1V7BofFeJIeQXDnAOnYDMvBXsP8V.jpeg', '2020-06-24 03:32:20');
INSERT INTO `xq_image` VALUES (830, 17, '', '', 0, '20200623/G2LBh7vewX4iPxcIxsOp61qa7DsYFPDt0h55Jmih.jpeg', '2020-06-24 03:32:20');
INSERT INTO `xq_image` VALUES (831, 17, '', '', 0, '20200623/T2iAQlgx60YD7IW0CYFDmiADJOKt03eXP30VKTwx.jpeg', '2020-06-24 03:32:20');
INSERT INTO `xq_image` VALUES (832, 17, '', '', 0, '20200623/DuqmLKW93ZrGMvoBTRXTYcCuUsZCMbWDOnveAuwo.jpeg', '2020-06-24 03:32:20');
INSERT INTO `xq_image` VALUES (833, 17, '', '', 0, '20200623/HAgJIHe4gmlyKs5VoyLOhy9QtwVXPFbdRlnVuXjt.jpeg', '2020-06-24 03:32:20');
INSERT INTO `xq_image` VALUES (834, 17, '', '', 0, '20200623/XNfCOJkfOBcr15v0KK53qpxC74IVXLdcVBahf1ZU.jpeg', '2020-06-24 03:32:20');
INSERT INTO `xq_image` VALUES (835, 17, '', '', 0, '20200623/uyCnfz6L6V48kFOUdWA8PQMC2sANsy2uQDvEGeol.jpeg', '2020-06-24 03:32:20');
INSERT INTO `xq_image` VALUES (836, 17, '', '', 0, '20200623/znOOSj961oVgW9E1i7gX2JfNK8UDQhUjRAWOymWo.jpeg', '2020-06-24 03:32:20');
INSERT INTO `xq_image` VALUES (837, 17, '', '', 0, '20200623/UxI3kY8tG2CsbOOaEmQmxvwqUTqc0QHLhhFGlRSw.jpeg', '2020-06-24 03:32:20');
INSERT INTO `xq_image` VALUES (838, 17, '', '', 0, '20200623/XrtNAlYYrifseRz6pzkNsgQToiqLUmdPesgHTJyt.jpeg', '2020-06-24 03:32:20');
INSERT INTO `xq_image` VALUES (839, 17, '', '', 0, '20200623/V0zrUN2TKvKhnEeiismiQW32FFTj7P3gWeBIHvGC.jpeg', '2020-06-24 03:32:20');
INSERT INTO `xq_image` VALUES (840, 17, '', '', 0, '20200623/S3tVn2AlxuZpLTCTS1ytMgDjDjxxuwcL4lMN4r8d.jpeg', '2020-06-24 03:32:20');
INSERT INTO `xq_image` VALUES (841, 17, '', '', 0, '20200623/s2Fkv0VvFT2Co9NlVIkJCCwWKEFcijXL6Qodd60L.jpeg', '2020-06-24 03:32:20');
INSERT INTO `xq_image` VALUES (842, 17, '', '', 0, '20200623/W8oD9NOxMeD7qE7cOvvZ4laE2GuZNSxW8UNzDMAg.jpeg', '2020-06-24 03:32:20');
INSERT INTO `xq_image` VALUES (843, 17, '', '', 0, '20200623/Ym6UkiDxXBMPYWiZrozQDlK9hFEBjlcz0n0JNXqK.jpeg', '2020-06-24 03:32:20');
INSERT INTO `xq_image` VALUES (844, 19, '', '', 0, '20200623/6wTTzqmSNz0Fvi3RRbrww754Snjeq00rAsPIZjxR.jpeg', '2020-06-24 03:42:28');
INSERT INTO `xq_image` VALUES (845, 19, '', '', 0, '20200623/DOOXZ91t4JM7vznuiU49Vv0UfmoxSqvlksRNHMuw.jpeg', '2020-06-24 03:42:28');
INSERT INTO `xq_image` VALUES (846, 19, '', '', 0, '20200623/SbSPnlpc617gd73UrYDQrnjYfwOmE2rm1MQQ3syz.jpeg', '2020-06-24 03:42:28');
INSERT INTO `xq_image` VALUES (847, 19, '', '', 0, '20200623/TOrQ8xrkrC60IOHrAk5LgzltEGfw3MXtAPxGN1ui.jpeg', '2020-06-24 03:42:28');
INSERT INTO `xq_image` VALUES (848, 19, '', '', 0, '20200623/BQwyhYEIL45I17mHesUcztQdWu5dLp3ZkeoQzv4n.jpeg', '2020-06-24 03:42:28');
INSERT INTO `xq_image` VALUES (849, 19, '', '', 0, '20200623/h41hRoK7a1LArqgx822kEwlcncZaofWyNTTYcm03.jpeg', '2020-06-24 03:42:28');
INSERT INTO `xq_image` VALUES (850, 19, '', '', 0, '20200623/uvjsU2W6sOgwkk9DirN39EdscN6tTFnnG4FS3SYv.jpeg', '2020-06-24 03:42:28');
INSERT INTO `xq_image` VALUES (851, 19, '', '', 0, '20200623/Q0j4uCQl7YlcL0Bbdb4dLA2dh0uYcePveITixbfd.jpeg', '2020-06-24 03:42:28');
INSERT INTO `xq_image` VALUES (852, 19, '', '', 0, '20200623/QNJEnsZILPxuUfkEawkDMVIFcMFCgmMle8MDLIFN.jpeg', '2020-06-24 03:42:28');
INSERT INTO `xq_image` VALUES (853, 19, '', '', 0, '20200623/J4m93aprwNa2sAofbHbCbbD4gtNRsmkzenUkxZm6.jpeg', '2020-06-24 03:42:28');
INSERT INTO `xq_image` VALUES (854, 19, '', '', 0, '20200623/nv7vSBVRnmPSxVQd0ApdntO0vCxYgtdh351Wen16.jpeg', '2020-06-24 03:42:28');
INSERT INTO `xq_image` VALUES (855, 19, '', '', 0, '20200623/fOYFfoQUH9TV0Bep5nuM9By1VhG0ZB2lZcUh6jJL.jpeg', '2020-06-24 03:42:28');
INSERT INTO `xq_image` VALUES (856, 19, '', '', 0, '20200623/fQsNbYzTBmPlBgmOUTJYd27WJc9dfjX34z9GqyjR.jpeg', '2020-06-24 03:42:28');
INSERT INTO `xq_image` VALUES (857, 19, '', '', 0, '20200623/exKI1IVn4nPkv9BgeMuLcCpDtXCSelrv4l0tezpB.jpeg', '2020-06-24 03:42:28');
INSERT INTO `xq_image` VALUES (858, 19, '', '', 0, '20200623/CmerjHx1MOdVCcXtSTJ8qHrDAbNXPgYkvVjvCDNw.jpeg', '2020-06-24 03:42:28');
INSERT INTO `xq_image` VALUES (859, 19, '', '', 0, '20200623/03MciDitWMuydQ5FvaVAomP9ZJQf1D9rRxcEtIlM.jpeg', '2020-06-24 03:42:28');
INSERT INTO `xq_image` VALUES (860, 19, '', '', 0, '20200623/U6PkGNR9JvEqJgivd9OA7b9K10o8HuivahJJvPPl.jpeg', '2020-06-24 03:42:28');
INSERT INTO `xq_image` VALUES (861, 19, '', '', 0, '20200623/OI6NroObUE2GdEbmzjOMgyV8A2JMcH4rice4N1Zo.jpeg', '2020-06-24 03:42:28');
INSERT INTO `xq_image` VALUES (862, 19, '', '', 0, '20200623/4zKXz9XP4S8skOxkMAirwLG4MzZWwL8GGTGE47LE.jpeg', '2020-06-24 03:42:28');
INSERT INTO `xq_image` VALUES (863, 19, '', '', 0, '20200623/S5en0GPYwlYYC2xlwmmYXjK2eaHK5pu9wJpXbSvz.jpeg', '2020-06-24 03:42:28');
INSERT INTO `xq_image` VALUES (864, 19, '', '', 0, '20200623/DLWLbqd2kJjyQhS2cUXybnXjbK6OXMmV0iMpsmjb.jpeg', '2020-06-24 03:42:28');
INSERT INTO `xq_image` VALUES (865, 19, '', '', 0, '20200623/wqlUDi3MDlu0sj9rCLXddI90aNxXWItCI3veRbtF.jpeg', '2020-06-24 03:42:28');
INSERT INTO `xq_image` VALUES (866, 19, '', '', 0, '20200623/4GLGekkrTETqysT9yXf8N0EAxpz65QOxGH3SN5jA.jpeg', '2020-06-24 03:42:28');
INSERT INTO `xq_image` VALUES (867, 19, '', '', 0, '20200623/fOZ5ilbE5VgWsS9Fby5Cxc4DbO5HCWzEUvKFSnmd.jpeg', '2020-06-24 03:42:28');
INSERT INTO `xq_image` VALUES (868, 19, '', '', 0, '20200623/Ci10TAeiE69MpzExSsTRlLmk8VQTcCUBqwlH7wu8.jpeg', '2020-06-24 03:42:28');
INSERT INTO `xq_image` VALUES (869, 19, '', '', 0, '20200623/zPsGLMDvqecFeP5IYnokqEwQ2m7CV8ks1ef96PMe.jpeg', '2020-06-24 03:42:28');
INSERT INTO `xq_image` VALUES (870, 19, '', '', 0, '20200623/RLchJjVHv0MxGYSSEgS17dOUdTKHjWshLxXgA7rq.jpeg', '2020-06-24 03:42:28');
INSERT INTO `xq_image` VALUES (871, 19, '', '', 0, '20200623/5mLEE99WuKG3y0CMciT9tGVDMFPkfG4GhcqnIW9H.jpeg', '2020-06-24 03:42:28');
INSERT INTO `xq_image` VALUES (872, 19, '', '', 0, '20200623/fRUMas8J2lVFRSHzDRmSYbJR0bmb0EF4GsAABfDm.jpeg', '2020-06-24 03:42:28');
INSERT INTO `xq_image` VALUES (873, 19, '', '', 0, '20200623/zhmElLBSxm0Wl076NO7gBDcO7AYzFSDqYiFAjQip.jpeg', '2020-06-24 03:42:28');
INSERT INTO `xq_image` VALUES (874, 19, '', '', 0, '20200623/vvioGk90F6uRKUXiIz5ug4w77FtWGQTis62K02kZ.jpeg', '2020-06-24 03:42:28');
INSERT INTO `xq_image` VALUES (875, 19, '', '', 0, '20200623/AyvuBrptG7uFh1vWQGbMX5TIuZAmzFXbIAoc2Lbu.jpeg', '2020-06-24 03:42:28');
INSERT INTO `xq_image` VALUES (876, 19, '', '', 0, '20200623/4wpCZyXiGrnsIeOTqmr4n6uipyrl86YpAL8KMggo.jpeg', '2020-06-24 03:42:28');
INSERT INTO `xq_image` VALUES (877, 19, '', '', 0, '20200623/WzPUvH7zgveLFa9nr5fW8ihumUYL2nDkDIcwU0gj.jpeg', '2020-06-24 03:42:28');
INSERT INTO `xq_image` VALUES (878, 19, '', '', 0, '20200623/R5lRatI6s9dAx71O8NhZSzHahYfa2Svjt6XeXcKP.jpeg', '2020-06-24 03:42:28');
INSERT INTO `xq_image` VALUES (879, 19, '', '', 0, '20200623/monJ0kHiIRJqeFy7333pK1fcTQHvkBJ8qy2v9nEw.jpeg', '2020-06-24 03:42:28');
INSERT INTO `xq_image` VALUES (880, 19, '', '', 0, '20200623/shAvJELjb2PeKsBK7LhifUeyUzN80WbzZhrX6Q0B.jpeg', '2020-06-24 03:42:28');
INSERT INTO `xq_image` VALUES (881, 19, '', '', 0, '20200623/TBkOIpHLmaudCqQS18SH9L7rNZRU6rPZCy51TrKO.jpeg', '2020-06-24 03:42:28');
INSERT INTO `xq_image` VALUES (882, 19, '', '', 0, '20200623/FLi0GYFJibqcCNhl6N3YeZ77LeMN4eonRqbQWtVb.jpeg', '2020-06-24 03:42:28');
INSERT INTO `xq_image` VALUES (883, 19, '', '', 0, '20200623/GSKhThk8PUL4dQZxed6zj8Cs1DCgWHUpgXYsGQLL.jpeg', '2020-06-24 03:42:28');
INSERT INTO `xq_image` VALUES (884, 19, '', '', 0, '20200623/BQlVlr3mVYpuRVt30AHzz6ufNPObDk9HSD8wyVUB.jpeg', '2020-06-24 03:42:28');
INSERT INTO `xq_image` VALUES (885, 19, '', '', 0, '20200623/3rlyiLxgTFI4SoXKdzyH48xwShohyvEG3t62Q3oo.jpeg', '2020-06-24 03:42:28');
INSERT INTO `xq_image` VALUES (886, 19, '', '', 0, '20200623/X7yUQT3NfBUeaRSZNbf8XZuCCO7jgwLHyf79glbI.jpeg', '2020-06-24 03:42:28');
INSERT INTO `xq_image` VALUES (887, 19, '', '', 0, '20200623/qLByloeL3oMQahaS8ACfPtFyCxVC0iSvVNKkNWTg.jpeg', '2020-06-24 03:42:28');
INSERT INTO `xq_image` VALUES (888, 19, '', '', 0, '20200623/g3kemRbSV7yWWn0i83ll6c43XRK6upZqWj0HJ2yL.jpeg', '2020-06-24 03:42:28');
INSERT INTO `xq_image` VALUES (889, 19, '', '', 0, '20200623/Mfd0fD9FUPyVHSVdklA0vOck0cY7Z3JqNm3WMRKx.jpeg', '2020-06-24 03:42:28');
INSERT INTO `xq_image` VALUES (890, 20, '', '', 0, '20200625/zdeF0AdwrJDmx1UnktlWb0iQEbpwJA0ZZstoU10i.jpeg', '2020-06-25 16:59:18');
INSERT INTO `xq_image` VALUES (891, 20, '', '', 0, '20200625/UBOIhzlFxH1qss56VenebNvZ0anwO71g8ELXqIOd.jpeg', '2020-06-25 16:59:18');
INSERT INTO `xq_image` VALUES (892, 20, '', '', 0, '20200625/g8g7SFftu14ruD0O1qIsAawDVZBSJQSJmnd3b7LO.jpeg', '2020-06-25 16:59:18');
INSERT INTO `xq_image` VALUES (893, 20, '', '', 0, '20200625/mngqpgOKtQA83nXF4ALwuwgKhu7E3a2j0dHZkHqV.jpeg', '2020-06-25 16:59:18');
INSERT INTO `xq_image` VALUES (894, 20, '', '', 0, '20200625/wRpLneIY3NGUIDFtOXLjicyNtPGol1HewBpqaAi9.jpeg', '2020-06-25 16:59:18');
INSERT INTO `xq_image` VALUES (895, 20, '', '', 0, '20200625/cEsJ8ADjeZsJ4MNV2Bpn9IdHZ1hG5pBve8arpGJ7.jpeg', '2020-06-25 16:59:18');
INSERT INTO `xq_image` VALUES (896, 20, '', '', 0, '20200625/8tuLs7ifNYEu86ogAHlDckSSxepHP2Vskhe7aJRz.jpeg', '2020-06-25 16:59:18');
INSERT INTO `xq_image` VALUES (897, 20, '', '', 0, '20200625/ZHpmizGw1qu0i9A4lpLfI3guOmH07OdIQLxV11B0.jpeg', '2020-06-25 16:59:18');
INSERT INTO `xq_image` VALUES (898, 20, '', '', 0, '20200625/ULtYkwUsj503keBdVWaL8YigRghFm0AXhTXPDuRk.jpeg', '2020-06-25 16:59:18');
INSERT INTO `xq_image` VALUES (899, 20, '', '', 0, '20200625/alaPppw6icqDaZvR3ac0TT9QkrNEcutuME568Ay2.jpeg', '2020-06-25 16:59:18');
INSERT INTO `xq_image` VALUES (900, 20, '', '', 0, '20200625/2Q4EQVYlaN3wqSDmtfLIA0TmtL042GqKbsuFJr4o.jpeg', '2020-06-25 16:59:18');
INSERT INTO `xq_image` VALUES (901, 20, '', '', 0, '20200625/DXbNRWloey9C1m01om0riTxbt71tNwFkhEz2JiZQ.jpeg', '2020-06-25 16:59:18');
INSERT INTO `xq_image` VALUES (902, 20, '', '', 0, '20200625/2ZS3LZf3NPCWD9WLW1xCP6b4xnNyLzfw9dV6GLtm.jpeg', '2020-06-25 16:59:18');
INSERT INTO `xq_image` VALUES (903, 20, '', '', 0, '20200625/ulneZJCJpBtqRa5T7pUQV8er9G6mzsv4Ps294szN.jpeg', '2020-06-25 16:59:18');
INSERT INTO `xq_image` VALUES (904, 20, '', '', 0, '20200625/aQJBF2ytnk6WXFwRat294nEobtqdDJCx028tUc5W.jpeg', '2020-06-25 16:59:18');
INSERT INTO `xq_image` VALUES (905, 20, '', '', 0, '20200625/LB3ksMCUwqM5eZy18GfTetsMdX7N7TVoFfvdN6j6.jpeg', '2020-06-25 16:59:18');
INSERT INTO `xq_image` VALUES (906, 20, '', '', 0, '20200625/ayg6lJoajToWc7KxnvAIYcz4VDI1HgBmrRuoOU4R.jpeg', '2020-06-25 16:59:18');
INSERT INTO `xq_image` VALUES (907, 20, '', '', 0, '20200625/T04ZjrnvFYdnLwi1VcvF1PyRi7wuAqGnHNo8l7A5.jpeg', '2020-06-25 16:59:18');
INSERT INTO `xq_image` VALUES (908, 20, '', '', 0, '20200625/Kss56jBRmvNlg7F7kD1QpuN3ly4S8vz8JtKXPKhb.jpeg', '2020-06-25 16:59:18');
INSERT INTO `xq_image` VALUES (909, 20, '', '', 0, '20200625/lMphl8P9LgL0ZnqioT3nxLwJZMJb37dxHDFw0XS9.jpeg', '2020-06-25 16:59:18');
INSERT INTO `xq_image` VALUES (910, 20, '', '', 0, '20200625/sSUCVqgBTId3kJ6tImSXsYnqL9VW9YBqarcTDpbS.jpeg', '2020-06-25 16:59:18');
INSERT INTO `xq_image` VALUES (911, 20, '', '', 0, '20200625/TnOBRC4jASLbNoLDdepJSwuA41V5Q5aey9uqlS0f.jpeg', '2020-06-25 16:59:18');
INSERT INTO `xq_image` VALUES (912, 20, '', '', 0, '20200625/cjoUekmtFGbRjuaJnmB9w2ycykRwef478bbZln4z.jpeg', '2020-06-25 16:59:18');
INSERT INTO `xq_image` VALUES (913, 20, '', '', 0, '20200625/4TfeCI6VYLjz35T5goLYGG6hzXk5cn6ucwrABNUy.jpeg', '2020-06-25 16:59:18');
INSERT INTO `xq_image` VALUES (914, 20, '', '', 0, '20200625/57kSFS25Usld1oZR9Nl68p20IGUYtwrulGMgI2F7.jpeg', '2020-06-25 16:59:18');
INSERT INTO `xq_image` VALUES (915, 20, '', '', 0, '20200625/L30URbF2CVdDqNAAS2j59agBYJSv9uCC3u7e7p4i.jpeg', '2020-06-25 16:59:18');
INSERT INTO `xq_image` VALUES (916, 20, '', '', 0, '20200625/66plbzOCvunAmGXdyymobzwmvhcw6dplCFj3RDpl.jpeg', '2020-06-25 16:59:18');
INSERT INTO `xq_image` VALUES (917, 20, '', '', 0, '20200625/4egElun6LItUy1SZNmDVEjEF8dC3iMXHuu6WrTWU.jpeg', '2020-06-25 16:59:18');
INSERT INTO `xq_image` VALUES (918, 20, '', '', 0, '20200625/Z1CdAWt502KPfTgLPRMIwJNz6utD623PX9pVmapN.jpeg', '2020-06-25 16:59:18');
INSERT INTO `xq_image` VALUES (919, 20, '', '', 0, '20200625/R2Yo3aBuMQxi1iFTpPgcDmhiUKoH9kQETAAKtTBw.jpeg', '2020-06-25 16:59:18');
INSERT INTO `xq_image` VALUES (920, 20, '', '', 0, '20200625/dGEvdLgdLewrVvsHZfJ3oIQJ0EiyYfGhU06qECA3.jpeg', '2020-06-25 16:59:18');
INSERT INTO `xq_image` VALUES (921, 20, '', '', 0, '20200625/fQmGqLHOxg7rVTow2oYPTqcZPkrca4s3kzpEy338.jpeg', '2020-06-25 16:59:18');
INSERT INTO `xq_image` VALUES (922, 20, '', '', 0, '20200625/unKX3qWfktTbANsfKRYEUiXAFdaiU64XJ90dYI2l.jpeg', '2020-06-25 16:59:18');
INSERT INTO `xq_image` VALUES (923, 20, '', '', 0, '20200625/6uZMTFbsyz7Bo40bLj9yJmA3m5bIBRxYlNnv2nWs.jpeg', '2020-06-25 16:59:18');
INSERT INTO `xq_image` VALUES (924, 20, '', '', 0, '20200625/BdlMbEJyM15uWBCitGRuc7TCyJBumWLVCh55VHWJ.jpeg', '2020-06-25 16:59:18');
INSERT INTO `xq_image` VALUES (925, 20, '', '', 0, '20200625/OZSPj82QCicuq6yLKB1UI37kryn32zOEFtx2bT0S.jpeg', '2020-06-25 16:59:18');
INSERT INTO `xq_image` VALUES (926, 20, '', '', 0, '20200625/Yg65mIwzuxMT4MV5O2cmWbv2jyWDzXoSOXm5iihs.jpeg', '2020-06-25 16:59:18');
INSERT INTO `xq_image` VALUES (927, 20, '', '', 0, '20200625/Ix8lQ4S558284dzMZSCgyoiClYGCjmXIrDDw6zsr.jpeg', '2020-06-25 16:59:18');
INSERT INTO `xq_image` VALUES (928, 20, '', '', 0, '20200625/JTwl9ujrtBzO4zaZHGTDuLvBylQYiaPZ3mwbLJuh.jpeg', '2020-06-25 16:59:18');
INSERT INTO `xq_image` VALUES (929, 20, '', '', 0, '20200625/xPs5xkL3ZANwhe3Axa1cmeaG3VkRSSm6GE4Aafmu.jpeg', '2020-06-25 16:59:18');
INSERT INTO `xq_image` VALUES (930, 20, '', '', 0, '20200625/36bchjrePc3mCZj5IUcBDf8N6Es3n98pUNlowPpK.jpeg', '2020-06-25 16:59:18');
INSERT INTO `xq_image` VALUES (931, 20, '', '', 0, '20200625/6eshIM0DqotfipvAJbrb1dnjhg8HXOr1oy7Zizwb.jpeg', '2020-06-25 16:59:18');
INSERT INTO `xq_image` VALUES (932, 20, '', '', 0, '20200625/F3dZatNxuOljEa15RyJKkCp3DhIeUvjT99nuCoxY.jpeg', '2020-06-25 16:59:18');
INSERT INTO `xq_image` VALUES (933, 20, '', '', 0, '20200625/rWCbcqHKHLvv9l5NBQQkLX6quIwKUY4pJNkox44q.jpeg', '2020-06-25 16:59:18');
INSERT INTO `xq_image` VALUES (934, 20, '', '', 0, '20200625/W3tO5fToDqjDVgr9PsuJUc8BMuFX2mGxite6Qtbz.jpeg', '2020-06-25 16:59:18');
INSERT INTO `xq_image` VALUES (935, 20, '', '', 0, '20200625/3T6ppOlUstdzIO0tyCAHff7M5QcCRRuRMETydPQB.jpeg', '2020-06-25 16:59:18');
INSERT INTO `xq_image` VALUES (936, 20, '', '', 0, '20200625/Jg02Lnnsiv6BzCiWXI5ckCgvWJGS0ZQa4UYwF6Ez.jpeg', '2020-06-25 16:59:18');
INSERT INTO `xq_image` VALUES (937, 20, '', '', 0, '20200625/796EIKRkSF5B7lyPYquBRHJSOeYDRAFw3jMWTwIy.jpeg', '2020-06-25 16:59:18');
INSERT INTO `xq_image` VALUES (938, 20, '', '', 0, '20200625/M8CarAIdlSq9D0RNXK813lmomrJzF5uBpyMFTNLK.jpeg', '2020-06-25 16:59:18');
INSERT INTO `xq_image` VALUES (939, 20, '', '', 0, '20200625/NvDlVHX6hNSKbA4cbRhB8aJhg7H22qrhJp1dPo3v.jpeg', '2020-06-25 16:59:18');
INSERT INTO `xq_image` VALUES (940, 20, '', '', 0, '20200625/h25fR655axGK9Sb7FhXHnteffFj1Ir2w88ML2VUz.jpeg', '2020-06-25 16:59:18');
INSERT INTO `xq_image` VALUES (941, 20, '', '', 0, '20200625/NkjDR6vsq9tmxpiz1I4n0B0L0l9DfogEJtG3ngsG.jpeg', '2020-06-25 16:59:18');
INSERT INTO `xq_image` VALUES (942, 20, '', '', 0, '20200625/qMNgDU5bsHzv0KbYsgHmFKmlMpVaVSCRKfKxcuci.jpeg', '2020-06-25 16:59:18');
INSERT INTO `xq_image` VALUES (943, 20, '', '', 0, '20200625/1BkU40boZKKEFnz5OJAP8Jyh9SB8K8VIp0z06p1U.jpeg', '2020-06-25 16:59:18');
INSERT INTO `xq_image` VALUES (944, 20, '', '', 0, '20200625/QMPPcXnXdi8DkuvIQHukaz667ozlQel7K3nN8zqi.jpeg', '2020-06-25 16:59:18');
INSERT INTO `xq_image` VALUES (945, 20, '', '', 0, '20200625/zBjRgItgdXvYVAVo0sp1gAK2XHOQxl63PzqyZFXm.jpeg', '2020-06-25 16:59:18');
INSERT INTO `xq_image` VALUES (946, 20, '', '', 0, '20200625/IoMNCWQtpL5NEMmQfm3KhpOwxGqglShbRLTj3ren.jpeg', '2020-06-25 16:59:18');
INSERT INTO `xq_image` VALUES (947, 20, '', '', 0, '20200625/RigZGEYU6tJPSd437FodO52WxftCZiREcj9olpUU.jpeg', '2020-06-25 16:59:18');
INSERT INTO `xq_image` VALUES (948, 20, '', '', 0, '20200625/2q7jG10HqOLIWMfE6FnL7kHOxVMqbySs5YmJy37Y.jpeg', '2020-06-25 16:59:18');
INSERT INTO `xq_image` VALUES (949, 20, '', '', 0, '20200625/3kmBXrjgfGyrZ9bWbRrlstOIrymOqel69BveQtyc.jpeg', '2020-06-25 16:59:18');
INSERT INTO `xq_image` VALUES (950, 20, '', '', 0, '20200625/ELUeMvjKz3wB2PchRA3FvwvPEwXZe7JuWBO5IlC0.jpeg', '2020-06-25 16:59:18');
INSERT INTO `xq_image` VALUES (951, 21, '', '', 0, '20200628/ssXtXOD1FyXuNgyl4SXneozOtdVMLIUXUpiUgJqa.jpeg', '2020-06-28 14:12:02');
INSERT INTO `xq_image` VALUES (952, 21, '', '', 0, '20200628/uzbQK3XMH0sIvzgBIkeJ2nJhy1ILBIMW4vKoJYpl.jpeg', '2020-06-28 14:12:02');
INSERT INTO `xq_image` VALUES (953, 21, '', '', 0, '20200628/y6C38sQ2qLpsPJGhBPf4t4oebCLyhK51VAIWptI2.jpeg', '2020-06-28 14:12:02');
INSERT INTO `xq_image` VALUES (954, 21, '', '', 0, '20200628/5qgopAxXXDdFNx6FVqzSDsUSNXK1xLbA47Engvns.jpeg', '2020-06-28 14:12:02');
INSERT INTO `xq_image` VALUES (955, 21, '', '', 0, '20200628/JcovcEm1814nGmXEPOsmCucTQSQlBUobBg4RE3fa.jpeg', '2020-06-28 14:12:02');
INSERT INTO `xq_image` VALUES (956, 21, '', '', 0, '20200628/qrE7rTP5Jsms6D8PZmyMhxX5tQCOj9r53bVyaKQO.jpeg', '2020-06-28 14:12:02');
INSERT INTO `xq_image` VALUES (957, 21, '', '', 0, '20200628/oVJbQcognnOnz3xnp1jwJzRfPN3rossivnV0OTLD.jpeg', '2020-06-28 14:12:02');
INSERT INTO `xq_image` VALUES (958, 21, '', '', 0, '20200628/6NtlebWsaBI9EerTEH4KU4OLRoibLSP2GQyJQCWf.jpeg', '2020-06-28 14:12:02');
INSERT INTO `xq_image` VALUES (959, 21, '', '', 0, '20200628/0aGBONRIPpkdFayukptjNcbWOEuRDrAmD078ywWJ.jpeg', '2020-06-28 14:12:02');
INSERT INTO `xq_image` VALUES (960, 21, '', '', 0, '20200628/IwrDc7sc6u7Oi76sFlO9L7TfzgqXS4DRrD6gqVRz.jpeg', '2020-06-28 14:12:02');
INSERT INTO `xq_image` VALUES (961, 21, '', '', 0, '20200628/Lsm4ORqz1mdzsQZZVWBYdwGAisfHf2nPpE39iUIQ.jpeg', '2020-06-28 14:12:02');
INSERT INTO `xq_image` VALUES (962, 21, '', '', 0, '20200628/2IHZyasUMZBKajFu42zzMi78bbhIBJaALYdJbfG8.jpeg', '2020-06-28 14:12:02');
INSERT INTO `xq_image` VALUES (963, 21, '', '', 0, '20200628/dfeXp23jblRh4oxn1zTkxuQpXQSSRazHKttov7Hz.jpeg', '2020-06-28 14:12:02');
INSERT INTO `xq_image` VALUES (964, 21, '', '', 0, '20200628/i7LnUmypVn3JawCuwOK3F3assxHpHEjpYc6TEe7c.jpeg', '2020-06-28 14:12:02');
INSERT INTO `xq_image` VALUES (965, 21, '', '', 0, '20200628/n43lk5lLHaCQRPMSa24XPYt1gf15dAxAdCb3vm3Y.jpeg', '2020-06-28 14:12:02');
INSERT INTO `xq_image` VALUES (966, 21, '', '', 0, '20200628/aqK0msDIvhm4AGFl46IGMzm8BOwnmYvDksCnJFO2.jpeg', '2020-06-28 14:12:02');
INSERT INTO `xq_image` VALUES (967, 21, '', '', 0, '20200628/pehjokGpdLdfe9grPubCYWy7grHuVWnR5BcGYtIl.jpeg', '2020-06-28 14:12:02');
INSERT INTO `xq_image` VALUES (968, 21, '', '', 0, '20200628/pYOELwAlhzGPYjEPUnwUIc2lZUaR3LdfXbP1IluM.jpeg', '2020-06-28 14:12:02');
INSERT INTO `xq_image` VALUES (969, 21, '', '', 0, '20200628/QoJ3Ns6rVDFTZt5KMJybTLTFVOHNPWCEfsDPwE9d.jpeg', '2020-06-28 14:12:02');
INSERT INTO `xq_image` VALUES (970, 21, '', '', 0, '20200628/6wlnhAS1q0n3D4GVp7xhRYQtC97GLMIVCKug4UhY.jpeg', '2020-06-28 14:12:02');
INSERT INTO `xq_image` VALUES (971, 21, '', '', 0, '20200628/a85n8Ea9O9VlbZ5DfiSvvkXpuscU3EyZ4CUQ47tW.jpeg', '2020-06-28 14:12:02');
INSERT INTO `xq_image` VALUES (972, 21, '', '', 0, '20200628/VWUOf4qbNwxgEV5zzBqmb6b8wE70kF6WA9gQlS3R.jpeg', '2020-06-28 14:12:02');
INSERT INTO `xq_image` VALUES (973, 21, '', '', 0, '20200628/57Vm4S81lRiPyHDNXIOAZ5nwQ1gXWUIsj9xzAs66.jpeg', '2020-06-28 14:12:02');
INSERT INTO `xq_image` VALUES (974, 21, '', '', 0, '20200628/5STbNgzasjwnl51kMsuCxkaJYxuPbBvGhvEs44Qv.jpeg', '2020-06-28 14:12:02');
INSERT INTO `xq_image` VALUES (975, 21, '', '', 0, '20200628/OR1aEUfsY14GLxC468Otnb9UHaYuAw3cANu2vpYb.jpeg', '2020-06-28 14:12:02');
INSERT INTO `xq_image` VALUES (976, 21, '', '', 0, '20200628/ElpfMF2zNiirFxchFt3abybCy76MberlcKmeXPb1.jpeg', '2020-06-28 14:12:02');
INSERT INTO `xq_image` VALUES (977, 21, '', '', 0, '20200628/KiBqqVEDL3rmPcyHgBsmjs46tRTMUbaMfH9Bm6Mc.jpeg', '2020-06-28 14:12:02');
INSERT INTO `xq_image` VALUES (978, 21, '', '', 0, '20200628/xkbq9nxVsQcXu8sl9BRakzsQpD988rKUNkXcQf7i.jpeg', '2020-06-28 14:12:02');
INSERT INTO `xq_image` VALUES (979, 21, '', '', 0, '20200628/TUm2guhFV8JA0BJI37NZAN9bp4StonypxVPNZbbc.jpeg', '2020-06-28 14:12:02');
INSERT INTO `xq_image` VALUES (980, 21, '', '', 0, '20200628/T5ryLwCQw969AoCP27jgIGEkqbMHXd7EFnzOW9Bz.jpeg', '2020-06-28 14:12:02');
INSERT INTO `xq_image` VALUES (981, 21, '', '', 0, '20200628/pK2dPUE71aVGnX0LJDnHOWLMgTKnvIWMaAzIZ2ep.jpeg', '2020-06-28 14:12:02');
INSERT INTO `xq_image` VALUES (982, 21, '', '', 0, '20200628/TVapiCxZLNgNDzxi8Qxv0R3chtBEbuEBJsvqyJAa.jpeg', '2020-06-28 14:12:02');
INSERT INTO `xq_image` VALUES (983, 21, '', '', 0, '20200628/nzijjSWY65yI9eLsEJDhYIPNGQNXMzYaErqhpaYx.jpeg', '2020-06-28 14:12:02');
INSERT INTO `xq_image` VALUES (984, 21, '', '', 0, '20200628/bPTfKa7ABKq3MXo1sOnUXi4ezi6A9kRhRPAP8o8K.jpeg', '2020-06-28 14:12:02');
INSERT INTO `xq_image` VALUES (985, 21, '', '', 0, '20200628/jA2MiFYMx4nW6c9VqheP69Xhwggl4m3nDdt9jLRb.jpeg', '2020-06-28 14:12:02');
INSERT INTO `xq_image` VALUES (986, 21, '', '', 0, '20200628/m0dEuH1gwlvZWHw2dZS0uvbC2EH1XSMnnjobHO7g.jpeg', '2020-06-28 14:12:02');
INSERT INTO `xq_image` VALUES (987, 21, '', '', 0, '20200628/oQ14dQuoplZU7RFxXFRFFXT8RTyIHSobG1If9J4U.jpeg', '2020-06-28 14:12:02');
INSERT INTO `xq_image` VALUES (988, 21, '', '', 0, '20200628/DJe9k8rkXW3KfKOIsKeKQm5iMH4chM9DWxnTIwUc.jpeg', '2020-06-28 14:12:02');
INSERT INTO `xq_image` VALUES (989, 21, '', '', 0, '20200628/6hwAFVPqt9oSZN33wIKQ4S3K9BTsWwkhvu5J4pr2.jpeg', '2020-06-28 14:12:02');
INSERT INTO `xq_image` VALUES (990, 21, '', '', 0, '20200628/zdZj1eY8bZ0CoEFq0Ti8TUtmbfNkY49J8UkaSC41.jpeg', '2020-06-28 14:12:02');
INSERT INTO `xq_image` VALUES (991, 22, '', '', 0, '20200628/hqRJ7n2Y56JArV8fpciMxlDfdmm5VqTKYLufwNGs.jpeg', '2020-06-28 14:31:16');
INSERT INTO `xq_image` VALUES (992, 22, '', '', 0, '20200628/SGvq8PX9ZSL9enkbujWg8KfxeSnZUbeft8uvMDDg.jpeg', '2020-06-28 14:31:16');
INSERT INTO `xq_image` VALUES (993, 22, '', '', 0, '20200628/tCYxPLLtQduQeg4JldXcVbnCGxmjZKIGBH25ZPkJ.jpeg', '2020-06-28 14:31:16');
INSERT INTO `xq_image` VALUES (994, 22, '', '', 0, '20200628/nRunMgQJHauLV7APETZdQHIRTMY1zgPvnKyfRQG2.jpeg', '2020-06-28 14:31:16');
INSERT INTO `xq_image` VALUES (995, 22, '', '', 0, '20200628/PkaQVaoSM1ODERZDqKROTgmoIqWILfsynzk0saQ2.jpeg', '2020-06-28 14:31:16');
INSERT INTO `xq_image` VALUES (996, 22, '', '', 0, '20200628/lIxiN2Fkn6rP5xwDisE3nadj3C1eyAjgs92ghC85.jpeg', '2020-06-28 14:31:16');
INSERT INTO `xq_image` VALUES (997, 22, '', '', 0, '20200628/7SRyymeDGGlXsGwraL8LsppL9KaxQgYy1IPOJj14.jpeg', '2020-06-28 14:31:16');
INSERT INTO `xq_image` VALUES (998, 22, '', '', 0, '20200628/VXGJKOkR5f8Ca9diCBDdy5eQqaJRiDrcOrFYF9NB.jpeg', '2020-06-28 14:31:16');
INSERT INTO `xq_image` VALUES (999, 22, '', '', 0, '20200628/ufMcp7QlzrDFe9CQrigTEiaye6E5bJUoGrmHX0MX.jpeg', '2020-06-28 14:31:16');
INSERT INTO `xq_image` VALUES (1000, 22, '', '', 0, '20200628/vj8qkZT2DNCRc9DZRgyicZ7tOO74cRSSK2NOF4oS.jpeg', '2020-06-28 14:31:16');
INSERT INTO `xq_image` VALUES (1001, 22, '', '', 0, '20200628/IBFkxnThc3013xWK8wBSG0uVecbLwIPU5PyT4Cy0.jpeg', '2020-06-28 14:31:16');
INSERT INTO `xq_image` VALUES (1002, 22, '', '', 0, '20200628/oTa6IUTTV3IxcacsILPsLC36MD2rgNDaRYFXCxXT.jpeg', '2020-06-28 14:31:16');
INSERT INTO `xq_image` VALUES (1003, 22, '', '', 0, '20200628/XDf0Kmttso95WKdHyiEWSu6cqafPjCrOiqP0RyrB.jpeg', '2020-06-28 14:31:16');
INSERT INTO `xq_image` VALUES (1004, 22, '', '', 0, '20200628/3q5hithIZocv7WifZWsaGy4XE0j7wXcJStLNZdnJ.jpeg', '2020-06-28 14:31:16');
INSERT INTO `xq_image` VALUES (1005, 22, '', '', 0, '20200628/Bn4ea7Qrm0BxEsGxdVODV0aL11bKHbIgTl9YoXyV.jpeg', '2020-06-28 14:31:16');
INSERT INTO `xq_image` VALUES (1006, 22, '', '', 0, '20200628/YgJ2F7iaxpFBQzUswMit0GFHtGNjX4NPtrD1NRPO.jpeg', '2020-06-28 14:31:16');
INSERT INTO `xq_image` VALUES (1007, 22, '', '', 0, '20200628/JMbPDcHsm66mY7CozLsfgpFBkEwXViRQFuGqmhpz.jpeg', '2020-06-28 14:31:16');
INSERT INTO `xq_image` VALUES (1008, 22, '', '', 0, '20200628/ho8q5Fd11v8fOyPvcc8MkogJGVXItUrKWmZDGt0F.jpeg', '2020-06-28 14:31:16');
INSERT INTO `xq_image` VALUES (1009, 22, '', '', 0, '20200628/cMLf4vi6cGnqn7zpd503eEXorLNwTW1P7f9GWy7K.jpeg', '2020-06-28 14:31:16');
INSERT INTO `xq_image` VALUES (1010, 22, '', '', 0, '20200628/0uPArcXPCHn5CZ4YcAOgu8ScyARZpi8lk9QMpOsq.jpeg', '2020-06-28 14:31:16');
INSERT INTO `xq_image` VALUES (1011, 22, '', '', 0, '20200628/f2B4MC9Pq0Kj9vXUobvlh2OsX777fO3ww9KqiHmg.jpeg', '2020-06-28 14:31:16');
INSERT INTO `xq_image` VALUES (1012, 22, '', '', 0, '20200628/jgylaEv20xzjIB8qD5CoyvIPe867NAuSNEvkkJr8.jpeg', '2020-06-28 14:31:16');
INSERT INTO `xq_image` VALUES (1013, 22, '', '', 0, '20200628/6Z3Dhvrfmk8oFm2u1M4XeuUJBwJeuGvi37b5dWwK.jpeg', '2020-06-28 14:31:16');
INSERT INTO `xq_image` VALUES (1014, 22, '', '', 0, '20200628/x4wJvZEq1ONvyj7JB0lfnnmMM4HuRufvMPNYJHyy.jpeg', '2020-06-28 14:31:16');
INSERT INTO `xq_image` VALUES (1015, 22, '', '', 0, '20200628/XiomW4aZgmgmXWnu2yl1tvpP2Lv69fyXaBAjb9dc.jpeg', '2020-06-28 14:31:16');
INSERT INTO `xq_image` VALUES (1016, 22, '', '', 0, '20200628/horcCBBdHmuMtkexnQOYcnNWCyNkG1uNE7TUk1il.jpeg', '2020-06-28 14:31:16');
INSERT INTO `xq_image` VALUES (1017, 22, '', '', 0, '20200628/1mY5Ij1u08BlUUbZrwKUVOhRgKYH6snFaHsh4uvr.jpeg', '2020-06-28 14:31:16');
INSERT INTO `xq_image` VALUES (1018, 22, '', '', 0, '20200628/tZs4zhOJPObcmqIBUtidgqE8HjWOjQJsIwrKYHng.jpeg', '2020-06-28 14:31:16');
INSERT INTO `xq_image` VALUES (1019, 22, '', '', 0, '20200628/GbtuZDIo9aIqxNolF6LTZABpTyNAVFFQ3yEt2XMP.jpeg', '2020-06-28 14:31:16');
INSERT INTO `xq_image` VALUES (1020, 22, '', '', 0, '20200628/xquwI7XzIDAryRt7k0TMppWoUHXy7CTmKUOvUVRb.jpeg', '2020-06-28 14:31:16');
INSERT INTO `xq_image` VALUES (1021, 22, '', '', 0, '20200628/UV6KUa5pj8uAoNqWLk4YlokxfeWw3GjZ6le0ABw0.jpeg', '2020-06-28 14:31:16');
INSERT INTO `xq_image` VALUES (1022, 22, '', '', 0, '20200628/V9ZsgwWYlIXf7wUW1oFOmqtHbs4oDsde4ExsO50D.jpeg', '2020-06-28 14:31:16');
INSERT INTO `xq_image` VALUES (1023, 22, '', '', 0, '20200628/XSA8XKX9JqA3U1rMIQkbuuqv4R2HGsXfhGLmicuy.jpeg', '2020-06-28 14:31:16');
INSERT INTO `xq_image` VALUES (1024, 22, '', '', 0, '20200628/4wrl1DhyM49l2vQSTozhWgC68HS8EuxO69JECm5e.jpeg', '2020-06-28 14:31:16');
INSERT INTO `xq_image` VALUES (1025, 22, '', '', 0, '20200628/yVnLXoySLXTNWzAqxKQjUPRqGguEWw7Zt7AvJakE.jpeg', '2020-06-28 14:31:16');
INSERT INTO `xq_image` VALUES (1026, 22, '', '', 0, '20200628/1x4TAbMhO0101lO2jHYeWljREiRV1eiLXdf6nK3T.jpeg', '2020-06-28 14:31:16');
INSERT INTO `xq_image` VALUES (1027, 22, '', '', 0, '20200628/KfTwm8f3oMzDdtM37cvFvyTTCJvJvF8Bj2NWquo7.jpeg', '2020-06-28 14:31:16');
INSERT INTO `xq_image` VALUES (1028, 22, '', '', 0, '20200628/sXjNf2GazZNWy4E3YvJV1pFoM2JBFLqg6in60Ylr.jpeg', '2020-06-28 14:31:16');
INSERT INTO `xq_image` VALUES (1029, 22, '', '', 0, '20200628/Bq17W4uxBM0YQUENwvuUrNpAIAENmsDzsGs01ckm.jpeg', '2020-06-28 14:31:16');
INSERT INTO `xq_image` VALUES (1030, 22, '', '', 0, '20200628/rnhS8qzUCtOui18klUZKcGeScMIUCbkKGrsyQLc4.jpeg', '2020-06-28 14:31:16');
INSERT INTO `xq_image` VALUES (1031, 22, '', '', 0, '20200628/J2xtQ8O3yBNO8ISDJukVrUzWxcFpRnH1QdduotEp.jpeg', '2020-06-28 14:31:16');
INSERT INTO `xq_image` VALUES (1032, 22, '', '', 0, '20200628/ymAfRO3dPJF8mUsZUbfKCkUhHjGjwep3ZOVmTBwz.jpeg', '2020-06-28 14:31:16');
INSERT INTO `xq_image` VALUES (1033, 22, '', '', 0, '20200628/gbw317RfYXkHAqQ9ek05ah34T6tsWi3UULz2S8Aq.jpeg', '2020-06-28 14:31:16');
INSERT INTO `xq_image` VALUES (1034, 22, '', '', 0, '20200628/VnUMsQIZDIGfZddUfyfHSmVFas1AODHPZtXntr7p.jpeg', '2020-06-28 14:31:16');
INSERT INTO `xq_image` VALUES (1035, 22, '', '', 0, '20200628/VHDGDsup7cwWfNWKVFvyimpBJQKsjQ5Xz5MhvPtN.jpeg', '2020-06-28 14:31:16');
INSERT INTO `xq_image` VALUES (1036, 22, '', '', 0, '20200628/ZoanyIQ1xF4VPORnwmuK9E0ltkwTM4QEqZp28OIG.jpeg', '2020-06-28 14:31:16');
INSERT INTO `xq_image` VALUES (1037, 22, '', '', 0, '20200628/mAO5kwF0NPPFY142JQ9sVTJB5Yk0z9getzpfvG5a.jpeg', '2020-06-28 14:31:16');
INSERT INTO `xq_image` VALUES (1038, 22, '', '', 0, '20200628/dK6ezHShTugZS5bB5oDSnYqnd004VbaTOnYjjzBF.jpeg', '2020-06-28 14:31:16');
INSERT INTO `xq_image` VALUES (1039, 22, '', '', 0, '20200628/LdIXmmjXZ1U9JNunJ4hNg2k7PO7CtHKa31cNyTWV.jpeg', '2020-06-28 14:31:16');
INSERT INTO `xq_image` VALUES (1040, 22, '', '', 0, '20200628/diVl2q60cZnXNzNnnVLFahRjBrQ7szKGAXaoCLXw.jpeg', '2020-06-28 14:31:16');
INSERT INTO `xq_image` VALUES (1041, 22, '', '', 0, '20200628/5R4VMvA8l74k0BElTb5h94SbgTXWPGcT73sWMYdr.jpeg', '2020-06-28 14:31:16');
INSERT INTO `xq_image` VALUES (1042, 22, '', '', 0, '20200628/LMvrcadgXBwDZ3U7cHREEa8FZvTSxO5XN2TegZ58.jpeg', '2020-06-28 14:31:16');
INSERT INTO `xq_image` VALUES (1043, 22, '', '', 0, '20200628/9Gc4CEfn5YZzCUoJbRRZnXfCFLLQd4gpfUx76jM6.jpeg', '2020-06-28 14:31:16');
INSERT INTO `xq_image` VALUES (1044, 22, '', '', 0, '20200628/xQP1zYoIcdjhRrTOQsiCXu1Osy8gV7pDw6dt4KNa.jpeg', '2020-06-28 14:31:16');
INSERT INTO `xq_image` VALUES (1045, 22, '', '', 0, '20200628/uRD1iOgqc9DYuMozbvWz0AC28zjzSLoJqwnC64DP.jpeg', '2020-06-28 14:31:16');
INSERT INTO `xq_image` VALUES (1046, 22, '', '', 0, '20200628/jQmpXEV3R0cRZ4O9cgarxkvGRmvq2o0ig3LrzG9i.jpeg', '2020-06-28 14:31:16');
INSERT INTO `xq_image` VALUES (1047, 22, '', '', 0, '20200628/FAENFKXqKpSZDgcvjdohAXdsZVzKxmGMbIZfCPqM.jpeg', '2020-06-28 14:31:16');
INSERT INTO `xq_image` VALUES (1048, 22, '', '', 0, '20200628/P6wP1Y2wyiXWaoZiFr3ZjC1Zk8MRIQPAqf0nAz1W.jpeg', '2020-06-28 14:31:16');
INSERT INTO `xq_image` VALUES (1049, 22, '', '', 0, '20200628/aXV5brOtWZYOcq7baS9J3OTyVjhCtNjWQNrLzyLj.jpeg', '2020-06-28 14:31:16');
INSERT INTO `xq_image` VALUES (1050, 22, '', '', 0, '20200628/0SLrD79316BEYlglNkVfgxEtazqxzB5j32roRFuO.jpeg', '2020-06-28 14:31:16');
INSERT INTO `xq_image` VALUES (1051, 23, '', '', 0, '20200628/8ReKssIEoTyF21yJmYEGEb7iS60k6GV93zT7Yqal.jpeg', '2020-06-28 14:32:48');
INSERT INTO `xq_image` VALUES (1052, 23, '', '', 0, '20200628/oOuxmYUScZnlaONhCTKe2QPcZhEKooDlsHN18i4K.jpeg', '2020-06-28 14:32:48');
INSERT INTO `xq_image` VALUES (1053, 23, '', '', 0, '20200628/IDGotSkCg3cLSFINay5nmejaNdTukStMBjvJnOJN.jpeg', '2020-06-28 14:32:48');
INSERT INTO `xq_image` VALUES (1054, 23, '', '', 0, '20200628/4h1ungm0HUmftu2H3iepeUe932UoV9A5AAupIXxk.jpeg', '2020-06-28 14:32:48');
INSERT INTO `xq_image` VALUES (1055, 23, '', '', 0, '20200628/l24jA4O2rni1y12Z6YQoknHyi31UOK2WOZ990VSC.jpeg', '2020-06-28 14:32:48');
INSERT INTO `xq_image` VALUES (1056, 23, '', '', 0, '20200628/raXoGnQxe4q6GFDspro9QqOejZ8aEpZrM5wCpyxb.jpeg', '2020-06-28 14:32:48');
INSERT INTO `xq_image` VALUES (1057, 23, '', '', 0, '20200628/xVStxkqGaZqEcrlrTxkHTJWLnLmD6ylGfmkQHp4M.jpeg', '2020-06-28 14:32:48');
INSERT INTO `xq_image` VALUES (1058, 23, '', '', 0, '20200628/zzWW8lSZJNwcEZPp1OxSvnj2KNHYeoLQJxopBKJJ.jpeg', '2020-06-28 14:32:48');
INSERT INTO `xq_image` VALUES (1059, 23, '', '', 0, '20200628/GflfX8OUiikpR3zEtlZNDrXEhlLYL98yfbwDga0a.jpeg', '2020-06-28 14:32:48');
INSERT INTO `xq_image` VALUES (1060, 23, '', '', 0, '20200628/0CkfMcSoStqldJRIKBagKA3fyPKQMuixw7d0KqAJ.jpeg', '2020-06-28 14:32:48');
INSERT INTO `xq_image` VALUES (1061, 23, '', '', 0, '20200628/8GPhCqHFmBUkLR43NmotAbWEqm0p1bTmQKZqbKze.jpeg', '2020-06-28 14:32:48');
INSERT INTO `xq_image` VALUES (1062, 23, '', '', 0, '20200628/BzEqDhtQTiU5dF8bG5eg7sTHuWIHMExy5MHQJrPb.jpeg', '2020-06-28 14:32:48');
INSERT INTO `xq_image` VALUES (1063, 23, '', '', 0, '20200628/UdaVAtVRcbRpMGR6yyiVT5XDo5FxJfBN0FN4wSzX.jpeg', '2020-06-28 14:32:48');
INSERT INTO `xq_image` VALUES (1064, 23, '', '', 0, '20200628/cAtz7J9ShLpyxgGN2LPe1UjVnnf4xrDtvQyflMr7.jpeg', '2020-06-28 14:32:48');
INSERT INTO `xq_image` VALUES (1065, 23, '', '', 0, '20200628/PO0QRJb1Rw71aJzjKrTRTHgS4pd6e2RoYCXJDPSr.jpeg', '2020-06-28 14:32:48');
INSERT INTO `xq_image` VALUES (1066, 23, '', '', 0, '20200628/OOLHqC639EhtCzqPLrx4Pcl74yrV4ykztRJ5Ie00.jpeg', '2020-06-28 14:32:48');
INSERT INTO `xq_image` VALUES (1067, 23, '', '', 0, '20200628/MSlZWwcOkdTSFiZzzbDEAuStCv4akvocLxtiOpI4.jpeg', '2020-06-28 14:32:48');
INSERT INTO `xq_image` VALUES (1068, 23, '', '', 0, '20200628/CFYkB0dncYeY4lxOvCqZL3t7Xt2qG4dD7gtXzfyM.jpeg', '2020-06-28 14:32:48');
INSERT INTO `xq_image` VALUES (1069, 23, '', '', 0, '20200628/8NUJOfKCB50qMKRly6arYC5IzjWYjyNOYS7HVd6i.jpeg', '2020-06-28 14:32:48');
INSERT INTO `xq_image` VALUES (1070, 23, '', '', 0, '20200628/3IPhqxpebF3ykckrcQ5LsEviqILWzROIaHcAaFa8.jpeg', '2020-06-28 14:32:48');
INSERT INTO `xq_image` VALUES (1071, 23, '', '', 0, '20200628/k7z2UO8NeJoP1EfyxXYjR4ZZrwNKlun4HUSnTSMX.jpeg', '2020-06-28 14:32:48');
INSERT INTO `xq_image` VALUES (1072, 23, '', '', 0, '20200628/Wpi6Do94vDdEIO6TGNNv0hKLS3CQ1rM76olxCcHJ.jpeg', '2020-06-28 14:32:48');
INSERT INTO `xq_image` VALUES (1073, 23, '', '', 0, '20200628/t5vcXaiMugF0strlnWnQmOYuEFXHZY10jKKTDzeF.jpeg', '2020-06-28 14:32:48');
INSERT INTO `xq_image` VALUES (1074, 23, '', '', 0, '20200628/BoxAzsvRp8VdB7th5Ho6ZuutMTQopLqMhtoqd7ji.jpeg', '2020-06-28 14:32:48');
INSERT INTO `xq_image` VALUES (1075, 23, '', '', 0, '20200628/LJkCTcHKBAbWfAszsAEY49H7QRQO8O7r6Crs9uQX.jpeg', '2020-06-28 14:32:48');
INSERT INTO `xq_image` VALUES (1076, 23, '', '', 0, '20200628/CD3QmKvZRPYdgeUgnJ2238DaWXAxk92m3e9rrloY.jpeg', '2020-06-28 14:32:48');
INSERT INTO `xq_image` VALUES (1077, 23, '', '', 0, '20200628/LcQUUVCUZwZtyBLJsE5KIdeSCSAm4vC36iLw8Zis.jpeg', '2020-06-28 14:32:48');
INSERT INTO `xq_image` VALUES (1078, 23, '', '', 0, '20200628/pD0oeFyTCInjVdXRWE0E7TkJiCMdyfRxuYFQn1yZ.jpeg', '2020-06-28 14:32:48');
INSERT INTO `xq_image` VALUES (1079, 23, '', '', 0, '20200628/WwilJCIunzPWZkVm1HBZWKd26Vuzuo6CXQef5XWE.jpeg', '2020-06-28 14:32:48');
INSERT INTO `xq_image` VALUES (1080, 23, '', '', 0, '20200628/YtSmLvyJJL82aSUIJ3CCuioxxjh44lwmwBuUPeUY.jpeg', '2020-06-28 14:32:48');
INSERT INTO `xq_image` VALUES (1081, 23, '', '', 0, '20200628/ZzeWhbU5xYu57SqpvC4BFXjQ7OvkEQYweNEzwOTN.jpeg', '2020-06-28 14:32:48');
INSERT INTO `xq_image` VALUES (1082, 23, '', '', 0, '20200628/DeZYKnGU4SutfBYNJS1QURwRogd1uEOI84yxUGIt.jpeg', '2020-06-28 14:32:48');
INSERT INTO `xq_image` VALUES (1083, 23, '', '', 0, '20200628/r75K99Z9lI3YYIvCrgjUmNSLKeVzoEPRBdqjbt7w.jpeg', '2020-06-28 14:32:48');
INSERT INTO `xq_image` VALUES (1084, 23, '', '', 0, '20200628/Y59JMlTXgbVJqLpIOpxGn5B8zleiRFC2UsIY4MNt.jpeg', '2020-06-28 14:32:48');
INSERT INTO `xq_image` VALUES (1085, 23, '', '', 0, '20200628/iMg1fukROzNPQdn8mIm3pOpSVu7oBrcBhmMLSd6m.jpeg', '2020-06-28 14:32:48');
INSERT INTO `xq_image` VALUES (1086, 23, '', '', 0, '20200628/dghcpKZXNL9YCp8TEPYlYFk2Q2VihcCK9XEAD4Tk.jpeg', '2020-06-28 14:32:48');
INSERT INTO `xq_image` VALUES (1087, 23, '', '', 0, '20200628/84swuquAe1pVsb1s1ygIPsDmy7u2OCBHdcMMHeSs.jpeg', '2020-06-28 14:32:48');
INSERT INTO `xq_image` VALUES (1088, 23, '', '', 0, '20200628/45oGDqdm9lRWNJ9mmJfa4EkPbsZmIeY5qPn2eYfM.jpeg', '2020-06-28 14:32:48');
INSERT INTO `xq_image` VALUES (1089, 23, '', '', 0, '20200628/HOS142fwo858lc9g8hCdEW3DK4gzlIWDSFtyLUGj.jpeg', '2020-06-28 14:32:48');
INSERT INTO `xq_image` VALUES (1090, 23, '', '', 0, '20200628/42qj7NGMvumoavY8YCNjOGOwvehJ80Zkz4Fnu9xg.jpeg', '2020-06-28 14:32:48');
INSERT INTO `xq_image` VALUES (1091, 23, '', '', 0, '20200628/WJZPYRrTz0BTG26V1H9z4m2eynxK3KS34kTnCCb0.jpeg', '2020-06-28 14:32:48');
INSERT INTO `xq_image` VALUES (1092, 23, '', '', 0, '20200628/VAbg7yX49uXZ518N7OWJ9BXiLqJUBYW4OONaBAwv.jpeg', '2020-06-28 14:32:48');
INSERT INTO `xq_image` VALUES (1093, 23, '', '', 0, '20200628/l3GrnnP6eOAXeciRy514zyFk30SI23SpvWK35yN4.jpeg', '2020-06-28 14:32:48');
INSERT INTO `xq_image` VALUES (1094, 23, '', '', 0, '20200628/MTGJ5JgaK1w6GC5bSGSC97C0I2o2OqtS4m1oOfhT.jpeg', '2020-06-28 14:32:48');
INSERT INTO `xq_image` VALUES (1095, 23, '', '', 0, '20200628/pE29CoEuUTTkCEr9gXR9zlKoOwHheZOL6vfmwLHi.jpeg', '2020-06-28 14:32:48');
INSERT INTO `xq_image` VALUES (1096, 23, '', '', 0, '20200628/fscKDdFLuk7jebbWo5CPALwDsc39IZFIVZlMXWTJ.jpeg', '2020-06-28 14:32:48');
INSERT INTO `xq_image` VALUES (1097, 23, '', '', 0, '20200628/mrmHNFCJgR5DWwQS7ZYvlNWrmm5FmkwSe6rqp8MH.jpeg', '2020-06-28 14:32:48');
INSERT INTO `xq_image` VALUES (1098, 23, '', '', 0, '20200628/xnGVwzLXKFtiuZ2qKgJeER7jajoYNtPdAdqymDiP.jpeg', '2020-06-28 14:32:48');
INSERT INTO `xq_image` VALUES (1099, 23, '', '', 0, '20200628/arulnFIqPShdVtuaAkIdkAoDSsU8qFyfyMBslSvt.jpeg', '2020-06-28 14:32:48');
INSERT INTO `xq_image` VALUES (1100, 23, '', '', 0, '20200628/CtiHe1eVLgPybQCpxIhhVkKKjSfHf3iDJGAwET76.jpeg', '2020-06-28 14:32:48');
INSERT INTO `xq_image` VALUES (1151, 24, '', '', 0, '20200628/Vy1mdOIU5pdf5cxA9x6Gs3lxPLJP2HuZfljXCBr7.jpeg', '2020-06-28 14:35:27');
INSERT INTO `xq_image` VALUES (1152, 24, '', '', 0, '20200628/rBnaklMorV9RI3I9aSbnGMdDpzra4eD3aHIoWjOi.jpeg', '2020-06-28 14:35:27');
INSERT INTO `xq_image` VALUES (1153, 24, '', '', 0, '20200628/rFbKpMzPGoUUCGW5j7S2hFWE2KiCW2VEJmtfJiLd.jpeg', '2020-06-28 14:35:27');
INSERT INTO `xq_image` VALUES (1154, 24, '', '', 0, '20200628/1ItAkL7qaArG1lujEJGFNQQDbf19ZQ7r6elECBRT.jpeg', '2020-06-28 14:35:27');
INSERT INTO `xq_image` VALUES (1155, 24, '', '', 0, '20200628/yLXhIj1artPlyA0xlTK4P7rKKYOEjOeNVBxVYIRG.jpeg', '2020-06-28 14:35:27');
INSERT INTO `xq_image` VALUES (1156, 24, '', '', 0, '20200628/GXbyOlWgvdyMBwloOWJ6s2jyIVfIX37t3WH34jYS.jpeg', '2020-06-28 14:35:27');
INSERT INTO `xq_image` VALUES (1157, 24, '', '', 0, '20200628/2UzphaED8WuFpKXIxT4ga8HC6kpnJX5uRqehlOnm.jpeg', '2020-06-28 14:35:27');
INSERT INTO `xq_image` VALUES (1158, 24, '', '', 0, '20200628/feU0eWoYQ0qzfUpByb3wMGrNZJQLJM0vZ1982CnM.jpeg', '2020-06-28 14:35:27');
INSERT INTO `xq_image` VALUES (1159, 24, '', '', 0, '20200628/Ij6bksLCecUyWUTNAYDLO4iu8uSJZcgdnLVImS5k.jpeg', '2020-06-28 14:35:27');
INSERT INTO `xq_image` VALUES (1160, 24, '', '', 0, '20200628/tOVqPTodnuWBTeu2evRqJXDRyeagnhpOJ84nNusn.jpeg', '2020-06-28 14:35:27');
INSERT INTO `xq_image` VALUES (1161, 24, '', '', 0, '20200628/0kyp7ZhWs44lxdnqfXXAjpYnouOY7r0o81LHSbmo.jpeg', '2020-06-28 14:35:27');
INSERT INTO `xq_image` VALUES (1162, 24, '', '', 0, '20200628/y6EAd2lXNH50N08pimAcU11ISaF1reGoiNO9pfa3.jpeg', '2020-06-28 14:35:27');
INSERT INTO `xq_image` VALUES (1163, 24, '', '', 0, '20200628/A8gxzLAX5bXzsNfySyRNq0C3RNIFli3LoXdNSU5u.jpeg', '2020-06-28 14:35:27');
INSERT INTO `xq_image` VALUES (1164, 24, '', '', 0, '20200628/ppA2bTxuQx1d4vSd5PHkiajxu1beyCSWa5pz21UW.jpeg', '2020-06-28 14:35:27');
INSERT INTO `xq_image` VALUES (1165, 24, '', '', 0, '20200628/ieTsX7GilYmKOvQIyDEV8md43j26gt181gQdX0za.jpeg', '2020-06-28 14:35:27');
INSERT INTO `xq_image` VALUES (1166, 24, '', '', 0, '20200628/gxDEurlRWlRaoyonua9wwYtbJIme9v4aSa1l4bXZ.jpeg', '2020-06-28 14:35:27');
INSERT INTO `xq_image` VALUES (1167, 24, '', '', 0, '20200628/jIWzvbG5P3szc6ow4pprU5Stv7bwM5zaKPRM3LBJ.jpeg', '2020-06-28 14:35:27');
INSERT INTO `xq_image` VALUES (1168, 24, '', '', 0, '20200628/ZXOYYcU3kXQ7w1U3GOSFY5Z762cs2yxd005TjGSF.jpeg', '2020-06-28 14:35:27');
INSERT INTO `xq_image` VALUES (1169, 24, '', '', 0, '20200628/cvC9fF1eOI9FYHlOPMKjffiFkqOxuu1tIl2OrcVr.jpeg', '2020-06-28 14:35:27');
INSERT INTO `xq_image` VALUES (1170, 24, '', '', 0, '20200628/YBFSXg1GdEF1Cm72myOWbBH7rM3D8faJRadnnP1Z.jpeg', '2020-06-28 14:35:27');
INSERT INTO `xq_image` VALUES (1171, 24, '', '', 0, '20200628/J149vfKyhqx5T957PGG3w3lV1dnzuTWxuGC40die.jpeg', '2020-06-28 14:35:27');
INSERT INTO `xq_image` VALUES (1172, 24, '', '', 0, '20200628/IdmOt4IrFWN4L9hPBvbsAf5TpxaRFcDxnRMLJUMh.jpeg', '2020-06-28 14:35:27');
INSERT INTO `xq_image` VALUES (1173, 24, '', '', 0, '20200628/Ys3hQomJsFVGlR1N12Uw6hFPQDesk8sjVtDadvH6.jpeg', '2020-06-28 14:35:27');
INSERT INTO `xq_image` VALUES (1174, 24, '', '', 0, '20200628/DnyGqMbcugJgFSwGT9XfEwhmlwZopjcetnFKExI3.jpeg', '2020-06-28 14:35:27');
INSERT INTO `xq_image` VALUES (1175, 24, '', '', 0, '20200628/RyUxCwJYm3cnmCIpKtlqjRUr5PVQHshWdpt3O3xt.jpeg', '2020-06-28 14:35:27');
INSERT INTO `xq_image` VALUES (1176, 24, '', '', 0, '20200628/Xf1G6NG1uvZzU8VIPsP7ynAT4Fl1pY0SS07E2d09.jpeg', '2020-06-28 14:35:27');
INSERT INTO `xq_image` VALUES (1177, 24, '', '', 0, '20200628/0TETYjNX5hSI74Sk2C6p5RYKb1eGwrUo1b9eIeTX.jpeg', '2020-06-28 14:35:27');
INSERT INTO `xq_image` VALUES (1178, 24, '', '', 0, '20200628/m55BViHCOt3To4KLbWLTKSveWi9IHf3GgJ2gOthl.jpeg', '2020-06-28 14:35:27');
INSERT INTO `xq_image` VALUES (1179, 24, '', '', 0, '20200628/FJ84Y7piBpad8YvRfmEhkbNKr8RfRWJgM4n7PPcs.jpeg', '2020-06-28 14:35:27');
INSERT INTO `xq_image` VALUES (1180, 24, '', '', 0, '20200628/vEe26ECWD3YcTDopsei6akuVNp3sFVlGgfkZZxIH.jpeg', '2020-06-28 14:35:27');
INSERT INTO `xq_image` VALUES (1181, 24, '', '', 0, '20200628/O54xdU04NPbUWzVXUPIBhSYDdypZuOAdhqrsDmUb.jpeg', '2020-06-28 14:35:27');
INSERT INTO `xq_image` VALUES (1182, 24, '', '', 0, '20200628/6GZDsl5r8LM9FD9ELkEjLOc4nUIBs5K5QmwiYMjF.jpeg', '2020-06-28 14:35:27');
INSERT INTO `xq_image` VALUES (1183, 24, '', '', 0, '20200628/5x8MnGmX9h7cbyL846yhC86fvqwr2E3j6LfTnIpU.jpeg', '2020-06-28 14:35:27');
INSERT INTO `xq_image` VALUES (1184, 24, '', '', 0, '20200628/dYkxVDU2qtzGbZZMYxFKNoWgmuTqQcSzXR4NIvt6.jpeg', '2020-06-28 14:35:27');
INSERT INTO `xq_image` VALUES (1185, 24, '', '', 0, '20200628/38FwU8s2niBuJuA8hvytosDiLJN6po51EpGAuwvr.jpeg', '2020-06-28 14:35:27');
INSERT INTO `xq_image` VALUES (1186, 24, '', '', 0, '20200628/EEDre6G6yV3kYiAnOUasHDYdCNwYyxsazL4K8l4y.jpeg', '2020-06-28 14:35:27');
INSERT INTO `xq_image` VALUES (1187, 24, '', '', 0, '20200628/xVvrbYkRTAZ5JDBktMKmbBGqEbpD36i6D9q3NOmg.jpeg', '2020-06-28 14:35:27');
INSERT INTO `xq_image` VALUES (1188, 24, '', '', 0, '20200628/7KeONsVKI16gNUhzCkM8jzHAvF3kU7pVbBajV7u4.jpeg', '2020-06-28 14:35:27');
INSERT INTO `xq_image` VALUES (1189, 24, '', '', 0, '20200628/IutM9pflYtBHBlHGY3Lc0dLx8tqEZz8QeDgKkpgE.jpeg', '2020-06-28 14:35:27');
INSERT INTO `xq_image` VALUES (1190, 24, '', '', 0, '20200628/wIswk0jkB0Xq5XyqqOyVyeQFCfXxw2UeMgCaQthO.jpeg', '2020-06-28 14:35:27');
INSERT INTO `xq_image` VALUES (1191, 24, '', '', 0, '20200628/FKDYMoeoJeRn28UPq06AX1iG8rQ8yQHVSJ6rwyS7.jpeg', '2020-06-28 14:35:27');
INSERT INTO `xq_image` VALUES (1192, 24, '', '', 0, '20200628/ni4dAmE3Gc51nJrOWPm7Ghcvtq1GNAGduGY39Hq4.jpeg', '2020-06-28 14:35:27');
INSERT INTO `xq_image` VALUES (1193, 24, '', '', 0, '20200628/9VpZJCJMqOTcINWw1rbQeoQ008HinDIoCEC3jwYw.jpeg', '2020-06-28 14:35:27');
INSERT INTO `xq_image` VALUES (1194, 24, '', '', 0, '20200628/HxeN4oD8DW28LTGjo663YQOMOirskyv6jzwWxAFn.jpeg', '2020-06-28 14:35:27');
INSERT INTO `xq_image` VALUES (1195, 24, '', '', 0, '20200628/B1lJHMkCw4Fe8AZaJjuwS4wxu7rsk71deU2Wdj2y.jpeg', '2020-06-28 14:35:27');
INSERT INTO `xq_image` VALUES (1196, 24, '', '', 0, '20200628/0EwcjJsz2tmHPeG6GI8S4RgF00WyV66N7vIJgTAx.jpeg', '2020-06-28 14:35:27');
INSERT INTO `xq_image` VALUES (1197, 24, '', '', 0, '20200628/DrgOJ26J1Ac4TiXMVnlSaBQIb52Iw1gosH0i9AZ0.jpeg', '2020-06-28 14:35:27');
INSERT INTO `xq_image` VALUES (1198, 24, '', '', 0, '20200628/zpc9sqenSSXyTSasQzTCOq71yuWpO4TeERArUl0i.jpeg', '2020-06-28 14:35:27');
INSERT INTO `xq_image` VALUES (1199, 24, '', '', 0, '20200628/vNtxvA5bYLkbeOCN6PB9fMUqn3sbIyUVDrZqu60a.jpeg', '2020-06-28 14:35:27');
INSERT INTO `xq_image` VALUES (1200, 24, '', '', 0, '20200628/hVb4QYkDXWPLZvlrSEa802BMjwVlo3uUOA9FygwQ.jpeg', '2020-06-28 14:35:27');
INSERT INTO `xq_image` VALUES (1201, 25, '', '', 0, '20200628/5VtXnNt4ef8fgohzocdb10aaYP3Jl3CpD6kHpVcM.jpeg', '2020-06-28 14:41:01');
INSERT INTO `xq_image` VALUES (1202, 25, '', '', 0, '20200628/lTPYfvseKURJYzXJN10Wd2J1oCZBNhTglJkEKT7I.jpeg', '2020-06-28 14:41:01');
INSERT INTO `xq_image` VALUES (1203, 25, '', '', 0, '20200628/ZpIcIYnFTACfQnEh9t4QnPqLtkjId4poUgo4ouU1.jpeg', '2020-06-28 14:41:01');
INSERT INTO `xq_image` VALUES (1204, 25, '', '', 0, '20200628/JKvObDl7CalaRBWlljcHFzegNGkpm2Uf4xJ6GvEP.jpeg', '2020-06-28 14:41:01');
INSERT INTO `xq_image` VALUES (1205, 25, '', '', 0, '20200628/Y3AqYqCarPImhNIAEwavSp7dymjFZbAv2DPJnuah.jpeg', '2020-06-28 14:41:01');
INSERT INTO `xq_image` VALUES (1206, 25, '', '', 0, '20200628/JOkQabwzuVf8R8AdtaWFbZyWkINYv8MHQcVUVGQf.jpeg', '2020-06-28 14:41:01');
INSERT INTO `xq_image` VALUES (1207, 25, '', '', 0, '20200628/8iazXctlTQx3QQZCYpZznFCMaFFhDyuJaJaOHfcI.jpeg', '2020-06-28 14:41:01');
INSERT INTO `xq_image` VALUES (1208, 25, '', '', 0, '20200628/a8pPPUJ0h58HetysLPhtYkDdr9BQgeWF3eU8gRMO.jpeg', '2020-06-28 14:41:01');
INSERT INTO `xq_image` VALUES (1209, 25, '', '', 0, '20200628/NNAwp3MrHG1svHHGTM1eZsRr7tos61nw12CtYCS2.jpeg', '2020-06-28 14:41:01');
INSERT INTO `xq_image` VALUES (1210, 25, '', '', 0, '20200628/PoyLsP8iNYfZ7yrO2UnjpFU54uW9cNJl9KCCFdM7.jpeg', '2020-06-28 14:41:01');
INSERT INTO `xq_image` VALUES (1211, 25, '', '', 0, '20200628/LbL4xys49m0bUlWcuwi6ErcMAqZNdkOklOsIIJXf.jpeg', '2020-06-28 14:41:01');
INSERT INTO `xq_image` VALUES (1212, 25, '', '', 0, '20200628/TnULWs88XKd3IXrXAzR1FXjrQsmRnbDyCUZymWmS.jpeg', '2020-06-28 14:41:01');
INSERT INTO `xq_image` VALUES (1213, 25, '', '', 0, '20200628/kt8bus8hVjWLkQvWbtMDyD9wtc709BOMMfwop5wk.jpeg', '2020-06-28 14:41:01');
INSERT INTO `xq_image` VALUES (1214, 25, '', '', 0, '20200628/JRVXhHFQ20sRXooKjkoITvTA5eEYHJ9YqzWMqO1z.jpeg', '2020-06-28 14:41:01');
INSERT INTO `xq_image` VALUES (1215, 25, '', '', 0, '20200628/EYFAqg8tSW9UarLRwX8E6GwU8w4HYDRbb3RoAACj.jpeg', '2020-06-28 14:41:01');
INSERT INTO `xq_image` VALUES (1216, 25, '', '', 0, '20200628/w2JPFjJieh3bSXCqbtNqkTOMSn0UCYZG5PJsIDm3.jpeg', '2020-06-28 14:41:01');
INSERT INTO `xq_image` VALUES (1217, 25, '', '', 0, '20200628/pmB1qdEqwvPKdYHbp302vHbgXijgHNHNGM7FGcsf.jpeg', '2020-06-28 14:41:01');
INSERT INTO `xq_image` VALUES (1218, 25, '', '', 0, '20200628/f1WfECMcBNXTWstkzUwJvJeiOjWpgMzzr0bPf6ib.jpeg', '2020-06-28 14:41:01');
INSERT INTO `xq_image` VALUES (1219, 25, '', '', 0, '20200628/xpop4QOsJd0xZzcPQEfVVPzki1Jfmgx5DFSeC3UL.jpeg', '2020-06-28 14:41:01');
INSERT INTO `xq_image` VALUES (1220, 25, '', '', 0, '20200628/hqDlnCMxXJoU8U6NOsSWlLksKUulJnBDtctcL8ua.jpeg', '2020-06-28 14:41:01');
INSERT INTO `xq_image` VALUES (1221, 25, '', '', 0, '20200628/3ORBpWkodWYhYClaYjsZHOEoiQVqOBT1d03tsVjr.jpeg', '2020-06-28 14:41:01');
INSERT INTO `xq_image` VALUES (1222, 25, '', '', 0, '20200628/QFLXV8BvbrCIPod5atJfjLwvoe8WOxnSXjDPcbfp.jpeg', '2020-06-28 14:41:01');
INSERT INTO `xq_image` VALUES (1223, 25, '', '', 0, '20200628/qeLImtvYA089nFg1xFM6eJfR4aPYFtE9wp11Cavc.jpeg', '2020-06-28 14:41:01');
INSERT INTO `xq_image` VALUES (1224, 25, '', '', 0, '20200628/djoBQdE5wopq4SUeKHBHmpunKIhMuAkIUuZgtz2K.jpeg', '2020-06-28 14:41:01');
INSERT INTO `xq_image` VALUES (1225, 25, '', '', 0, '20200628/43347Q4UChZnvl9qlwbmXwU7LozF9NVrQ5MDEIzQ.jpeg', '2020-06-28 14:41:01');
INSERT INTO `xq_image` VALUES (1226, 25, '', '', 0, '20200628/xeVp6bGb9a6xQGESH1hAO6eOyEu5bmsJFcs9F1HS.jpeg', '2020-06-28 14:41:01');
INSERT INTO `xq_image` VALUES (1227, 25, '', '', 0, '20200628/QXHoJdcZ8oXTPnZ2ZKFSAJFnfXSBVTiilet7lIdH.jpeg', '2020-06-28 14:41:01');
INSERT INTO `xq_image` VALUES (1228, 25, '', '', 0, '20200628/Zl3cYz6xXvs5SOTVdQF3TYTaGoNKsVISQSN94sO6.jpeg', '2020-06-28 14:41:01');
INSERT INTO `xq_image` VALUES (1229, 25, '', '', 0, '20200628/D5P6dYUMGQOojYEf2rsWChMRmTSHn8q2dxTcRFvC.jpeg', '2020-06-28 14:41:01');
INSERT INTO `xq_image` VALUES (1230, 25, '', '', 0, '20200628/z3KiuL9VcdfsxFwc53qqXJBlRARoEqn8Qbu3IERk.jpeg', '2020-06-28 14:41:01');
INSERT INTO `xq_image` VALUES (1231, 25, '', '', 0, '20200628/MvTvT2zfhlkWC9ZUPAzqfwhR95P57h6trDeKA8LI.jpeg', '2020-06-28 14:41:01');
INSERT INTO `xq_image` VALUES (1232, 25, '', '', 0, '20200628/kGChqkE4XDkqcD2ve8kHdH2cjBY6fJ8QDYFJPDTH.jpeg', '2020-06-28 14:41:01');
INSERT INTO `xq_image` VALUES (1233, 25, '', '', 0, '20200628/ECUWQqCFMRt4hInUm17dBlQwzadk5RSjF02cdLcq.jpeg', '2020-06-28 14:41:01');
INSERT INTO `xq_image` VALUES (1234, 25, '', '', 0, '20200628/RRI7qDL7bO3kq9KJ5m4IgUbOiyvYJCBElt2zPKoj.jpeg', '2020-06-28 14:41:01');
INSERT INTO `xq_image` VALUES (1235, 25, '', '', 0, '20200628/5kaahA33XEMfOh3G3pIr712QDFSX7UadalWnlRSi.jpeg', '2020-06-28 14:41:01');
INSERT INTO `xq_image` VALUES (1236, 25, '', '', 0, '20200628/AVzO2ovT9tAEMixhtiZiHVkidKrikGmn9h6iDmvf.jpeg', '2020-06-28 14:41:01');
INSERT INTO `xq_image` VALUES (1237, 25, '', '', 0, '20200628/EUqp7WnD8PmDWG8xHFXnxdJQsoF2NwYM2PcZHEu2.jpeg', '2020-06-28 14:41:01');
INSERT INTO `xq_image` VALUES (1238, 25, '', '', 0, '20200628/EdlIAOc9IkODC5MvtYObZpmZ3yxIYNmyCsXkTWj7.jpeg', '2020-06-28 14:41:01');
INSERT INTO `xq_image` VALUES (1239, 25, '', '', 0, '20200628/awG1iJ6J4yHzHvY8ZIQRZhZ99weHnrTnJbEZ7z1n.jpeg', '2020-06-28 14:41:01');
INSERT INTO `xq_image` VALUES (1240, 25, '', '', 0, '20200628/NSJ1EmaPmmqO7SQmzCw7XGL1HSDbuoBNTS1fUqts.jpeg', '2020-06-28 14:41:01');
INSERT INTO `xq_image` VALUES (1241, 25, '', '', 0, '20200628/eSnNAUoZNUlwb94akeVDBFJTdqAPnq1X4kLabNux.jpeg', '2020-06-28 14:41:01');
INSERT INTO `xq_image` VALUES (1242, 25, '', '', 0, '20200628/Ybvr9YptB1lULwYZWjm0LK3AUVNr6gdhRhbsnnts.jpeg', '2020-06-28 14:41:01');
INSERT INTO `xq_image` VALUES (1243, 25, '', '', 0, '20200628/EGTfr2U0AnTEtq2aosOmiJeFSsTrtQaIG4l5KCyc.jpeg', '2020-06-28 14:41:01');
INSERT INTO `xq_image` VALUES (1244, 25, '', '', 0, '20200628/LNLoEztRXl2JFdvtfCuELH27QNgNv2EDiOIpHSh7.jpeg', '2020-06-28 14:41:01');
INSERT INTO `xq_image` VALUES (1245, 25, '', '', 0, '20200628/rrNWSM3KpI89d3Khs4NpafE78NH3zLaqhVIEQCle.jpeg', '2020-06-28 14:41:01');
INSERT INTO `xq_image` VALUES (1246, 26, '', '', 0, '20200628/fuM8iVRJzqb9YRrHuSPtNLlacewrndAJjwGwNLNV.png', '2020-06-28 14:42:00');
INSERT INTO `xq_image` VALUES (1247, 26, '', '', 0, '20200628/wusfVfrjhQyrHRXY5WKkO1fg0ABAQGcMLGXQkyST.png', '2020-06-28 14:42:00');
INSERT INTO `xq_image` VALUES (1248, 26, '', '', 0, '20200628/27sSFbIKwpvp9h0pB2ysuDGJAwow81zLWIzoJxoT.jpeg', '2020-06-28 14:42:00');
INSERT INTO `xq_image` VALUES (1249, 26, '', '', 0, '20200628/PzUuHgJ9s7DYeeHM70UShA0wtsy0zFoGR0w6VbkB.jpeg', '2020-06-28 14:42:00');
INSERT INTO `xq_image` VALUES (1250, 26, '', '', 0, '20200628/djCg8MwzmjSZ5hUmVQj76rjqupEzbgQGRWKZdsSs.jpeg', '2020-06-28 14:42:00');
INSERT INTO `xq_image` VALUES (1251, 26, '', '', 0, '20200628/4qhPs0TfOwqwJdERoLsDncr6FtE3Uaw4hfDZu9xg.jpeg', '2020-06-28 14:42:00');
INSERT INTO `xq_image` VALUES (1252, 26, '', '', 0, '20200628/qIspyzAR6ie5Q3rx8wyK9gQJ86opRlD0XHKvj52P.jpeg', '2020-06-28 14:42:00');
INSERT INTO `xq_image` VALUES (1253, 26, '', '', 0, '20200628/g2hvtixPD4EPUaohWO0YNgpRZ62bc7440OlgtZ3E.png', '2020-06-28 14:42:00');
INSERT INTO `xq_image` VALUES (1254, 26, '', '', 0, '20200628/cogbAHJ9x1B67MZC7VgAaGspsURfHBi2kjRRO7Tg.jpeg', '2020-06-28 14:42:00');
INSERT INTO `xq_image` VALUES (1255, 26, '', '', 0, '20200628/B6nXDpwNbVVhKN7SKJkhl1wZfeO6zEKE905dTe95.jpeg', '2020-06-28 14:42:00');
INSERT INTO `xq_image` VALUES (1256, 26, '', '', 0, '20200628/92gONapIYULTA07R7iFd8juKJZSMNLkwv56qCPcI.png', '2020-06-28 14:42:00');
INSERT INTO `xq_image` VALUES (1257, 26, '', '', 0, '20200628/tYMR7TsWROTYlrktHgeQvBr0q1DRj5BLa3dzJXy6.png', '2020-06-28 14:42:00');
INSERT INTO `xq_image` VALUES (1258, 26, '', '', 0, '20200628/9NOpx9HRPaaY6Ue2DKrrQ9nvStOuGeSgmthfBoDM.png', '2020-06-28 14:42:00');
INSERT INTO `xq_image` VALUES (1259, 26, '', '', 0, '20200628/hYekVm8SG6TV342d4jAiKTsN6I1P43Ja4PGVvYzY.png', '2020-06-28 14:42:00');
INSERT INTO `xq_image` VALUES (1260, 26, '', '', 0, '20200628/Rx3HR2p8YlHzJcqfpffm8PmMH3wu160SDTypVujt.jpeg', '2020-06-28 14:42:00');
INSERT INTO `xq_image` VALUES (1261, 26, '', '', 0, '20200628/IfKX1wCzfnqNLMfV2Q0e4ccWUnODzsnFAOS1xPUk.png', '2020-06-28 14:42:00');
INSERT INTO `xq_image` VALUES (1262, 26, '', '', 0, '20200628/HO7E5udJ1EZOaJbNRMRIkotJXFcnDCu9wntmG2Zo.jpeg', '2020-06-28 14:42:00');
INSERT INTO `xq_image` VALUES (1263, 26, '', '', 0, '20200628/mczO32I8MmzQeXGrHujwIXtscDE9OeJUhzwwZJSN.jpeg', '2020-06-28 14:42:00');
INSERT INTO `xq_image` VALUES (1264, 26, '', '', 0, '20200628/Ujch7sXmIuOHuu5IoQCltOoRNPKKLSUyyZCEpaWK.png', '2020-06-28 14:42:00');
INSERT INTO `xq_image` VALUES (1265, 26, '', '', 0, '20200628/UlRqFemzNLMCJJVhPtehzEoAMjBxVRknHCDf3ytN.png', '2020-06-28 14:42:00');
INSERT INTO `xq_image` VALUES (1266, 26, '', '', 0, '20200628/iYBWlswrgxS5csncbYtBkjjfOJ4PEGISY9JGJ505.png', '2020-06-28 14:42:00');
INSERT INTO `xq_image` VALUES (1267, 26, '', '', 0, '20200628/hUiVghuDlwgbiOhba1vOXxYqdulnfE8aDVZt7x0Z.png', '2020-06-28 14:42:00');
INSERT INTO `xq_image` VALUES (1268, 26, '', '', 0, '20200628/bTUIv3XOlGO2eSs0fNGU4BWIc4xF74FgBarljqxj.jpeg', '2020-06-28 14:42:00');
INSERT INTO `xq_image` VALUES (1269, 26, '', '', 0, '20200628/NmHIUpZLLfPLR9auXYj3hor8AItt0WtZhhoJGyod.jpeg', '2020-06-28 14:42:00');
INSERT INTO `xq_image` VALUES (1270, 26, '', '', 0, '20200628/LIdcT9XzLWAmfPTdXkNvkuO96CRs8RPm3EWWUdbH.jpeg', '2020-06-28 14:42:00');
INSERT INTO `xq_image` VALUES (1271, 26, '', '', 0, '20200628/8cnbCl5m25jfRvMKSvHbgF06QV0tIexbFdq1jOCc.jpeg', '2020-06-28 14:42:00');
INSERT INTO `xq_image` VALUES (1272, 26, '', '', 0, '20200628/NgXymXUDWNQ74tzXNYj5wOngH8zc6UZHjv0rmPDb.jpeg', '2020-06-28 14:42:00');
INSERT INTO `xq_image` VALUES (1273, 26, '', '', 0, '20200628/JSVlsfdUTRLILvMOXqSZdzPD6dagKBFopbdIusJL.jpeg', '2020-06-28 14:42:00');
INSERT INTO `xq_image` VALUES (1274, 26, '', '', 0, '20200628/dPqx3bbjfhGhuziQd2lun4N9MBK1bX1yvjjxLT8u.jpeg', '2020-06-28 14:42:00');
INSERT INTO `xq_image` VALUES (1275, 26, '', '', 0, '20200628/F87M75lYLc4KIYQBgNaVNm9zbUKg3K7WKbqPNxu4.png', '2020-06-28 14:42:00');
INSERT INTO `xq_image` VALUES (1276, 26, '', '', 0, '20200628/LMLHIvo03t2krxrHuhxq71QLxUfzhXuYcwaDyfyt.png', '2020-06-28 14:42:00');
INSERT INTO `xq_image` VALUES (1277, 26, '', '', 0, '20200628/P5Cev2UehpAlgA0KeM9uUPnu5dqdQpmXYa2DXe2j.png', '2020-06-28 14:42:00');
INSERT INTO `xq_image` VALUES (1278, 26, '', '', 0, '20200628/EcwmvVehelWPMUqnHFWUyfWAY9X8UrI5lKsS16Li.png', '2020-06-28 14:42:00');
INSERT INTO `xq_image` VALUES (1279, 26, '', '', 0, '20200628/qb8xEZWecW33asQhS8FMinjAdPlhgdbDKzVG1PeU.jpeg', '2020-06-28 14:42:00');
INSERT INTO `xq_image` VALUES (1280, 26, '', '', 0, '20200628/IUHv6H5vJ6Mame02svQIVSW9x3izkNrQJjdnwyad.png', '2020-06-28 14:42:00');
INSERT INTO `xq_image` VALUES (1281, 26, '', '', 0, '20200628/28zA1k9KZhtLjNkV9g9qq5c0cbRRbwAYg7jb1E9u.png', '2020-06-28 14:42:00');
INSERT INTO `xq_image` VALUES (1282, 26, '', '', 0, '20200628/n6e9Oa1UjdlppowhInKMiJ5w39E8BVDKosGC7Ekt.jpeg', '2020-06-28 14:42:00');
INSERT INTO `xq_image` VALUES (1283, 26, '', '', 0, '20200628/nEQcePKzcQMrVbHxu17yNF5aaeH0iJuVJDITsDY6.png', '2020-06-28 14:42:00');
INSERT INTO `xq_image` VALUES (1284, 26, '', '', 0, '20200628/utBvkAO7xl8oiQ8gf9F6l2kcitNCY1PhREuZRVP0.jpeg', '2020-06-28 14:42:00');
INSERT INTO `xq_image` VALUES (1285, 27, '', '', 0, '20200628/zBNN4yLNXU4iiV2nymWmCuwbdfv5tvqRyBraUE9O.jpeg', '2020-06-28 14:42:52');
INSERT INTO `xq_image` VALUES (1286, 27, '', '', 0, '20200628/FQzEhK2z4AuciwHnmMLzQu8aYrMBJwLigtAPOsNo.jpeg', '2020-06-28 14:42:52');
INSERT INTO `xq_image` VALUES (1287, 27, '', '', 0, '20200628/jUChfA3YJ7nxtpCDml4ifJxLaAqxCFnrs9l3n4NE.jpeg', '2020-06-28 14:42:52');
INSERT INTO `xq_image` VALUES (1288, 27, '', '', 0, '20200628/p0o74zt2k718j3jTdaFoQmpLARUh0IdpYCS4lEgV.png', '2020-06-28 14:42:52');
INSERT INTO `xq_image` VALUES (1289, 27, '', '', 0, '20200628/Ie2fKMh6Hr4kydlZJOONU8SVir1DUuGepLnZKBqN.jpeg', '2020-06-28 14:42:52');
INSERT INTO `xq_image` VALUES (1290, 27, '', '', 0, '20200628/UN2LxPwiS4JO0zcaHYNkfJsF1l2ivl3vBxmeD9t7.png', '2020-06-28 14:42:52');
INSERT INTO `xq_image` VALUES (1291, 27, '', '', 0, '20200628/YN6rSFlfzoIxc3X9RME4OSMIwlMllPbzD7GhV8TS.jpeg', '2020-06-28 14:42:52');
INSERT INTO `xq_image` VALUES (1292, 27, '', '', 0, '20200628/ZIW2NWwP4vkHchYy1d1aLcppkCsYOjkZ5jjMZbhp.jpeg', '2020-06-28 14:42:52');
INSERT INTO `xq_image` VALUES (1293, 27, '', '', 0, '20200628/On1VvnzRpVsD1JULlYgRkDuqa47Jdtebf8Fa46du.png', '2020-06-28 14:42:52');
INSERT INTO `xq_image` VALUES (1294, 27, '', '', 0, '20200628/kau4RFI9hQ2qr8rwaacJytTClDMP83rP77LvLO6F.jpeg', '2020-06-28 14:42:52');
INSERT INTO `xq_image` VALUES (1295, 27, '', '', 0, '20200628/kwBPvx2SFVX3eq7Be6dWg2IEYydmnKml47KBkX8j.png', '2020-06-28 14:42:52');
INSERT INTO `xq_image` VALUES (1296, 27, '', '', 0, '20200628/BRi09U3Gyk2gyuhm2k6RI485vVkdk9vwrYBCtu8r.jpeg', '2020-06-28 14:42:52');
INSERT INTO `xq_image` VALUES (1297, 27, '', '', 0, '20200628/rhJ4Sx57LHdoXV0R9QBBaCqAXl2t7Ku8SRdwViS9.jpeg', '2020-06-28 14:42:52');
INSERT INTO `xq_image` VALUES (1298, 27, '', '', 0, '20200628/rMPjl4zpBDPEaLWyz93Vckvn1ggRXWKEo5gvcaIH.png', '2020-06-28 14:42:52');
INSERT INTO `xq_image` VALUES (1299, 27, '', '', 0, '20200628/CxtXaJZPOpT4PZGJy5QLalbhF1YkfB3VlndZJjfH.jpeg', '2020-06-28 14:42:52');
INSERT INTO `xq_image` VALUES (1300, 27, '', '', 0, '20200628/usI8GAWvVhUmJhzlW6bBRch6vJ5dYzHceyWbh2wB.jpeg', '2020-06-28 14:42:52');
INSERT INTO `xq_image` VALUES (1301, 27, '', '', 0, '20200628/gZZnWbRvGA4Jf9xXrOl7VyNCiPBSfPbJ9pXXsbLp.jpeg', '2020-06-28 14:42:52');
INSERT INTO `xq_image` VALUES (1302, 27, '', '', 0, '20200628/3hSC2dkvbSrIIm3CTsYryb4CegoDbQIkiqqFMfQ5.jpeg', '2020-06-28 14:42:52');
INSERT INTO `xq_image` VALUES (1303, 27, '', '', 0, '20200628/1WO22qKdBtPV91FWkuLxCqJpTsgxYlRWYIuUt0pD.jpeg', '2020-06-28 14:42:52');
INSERT INTO `xq_image` VALUES (1304, 27, '', '', 0, '20200628/SsLOMdfnWEFu6eqM2KVFJq8gxe9Zs7vJZAShvTiw.jpeg', '2020-06-28 14:42:52');
INSERT INTO `xq_image` VALUES (1305, 27, '', '', 0, '20200628/5gscsPwL9N7xYdKTYbVuCSj9Lepv3YaOpy9uLtfM.png', '2020-06-28 14:42:52');
INSERT INTO `xq_image` VALUES (1306, 27, '', '', 0, '20200628/E0ZssGwA3y0wbx30oy7W32T7Mr4thd8DHo1vmCAo.jpeg', '2020-06-28 14:42:52');
INSERT INTO `xq_image` VALUES (1307, 27, '', '', 0, '20200628/LE9ZQMdxWq5d9y0VS7vXDaM2hGftoD7WkdmHwSoM.jpeg', '2020-06-28 14:42:52');
INSERT INTO `xq_image` VALUES (1308, 27, '', '', 0, '20200628/DkcwutRhyoJzHInZXQJeTxW20p2bECmH9Ubd2BVt.png', '2020-06-28 14:42:52');
INSERT INTO `xq_image` VALUES (1309, 27, '', '', 0, '20200628/WsJEQMljWtxcW0quEzmXONxVbw08aDxPgcelKOcS.jpeg', '2020-06-28 14:42:52');
INSERT INTO `xq_image` VALUES (1310, 27, '', '', 0, '20200628/ijDC9QS6UBJ2Z7lLMJrPBfYAmSYHea2A99WExTiE.jpeg', '2020-06-28 14:42:52');
INSERT INTO `xq_image` VALUES (1311, 27, '', '', 0, '20200628/EHczZ4vpgptvfLKPN0hLf7SwDwzHaHYrRXeI1wyu.jpeg', '2020-06-28 14:42:52');
INSERT INTO `xq_image` VALUES (1312, 27, '', '', 0, '20200628/ryORUN1mfAXp8l557mPctEaoJIqzzGoTM5bJuhMW.jpeg', '2020-06-28 14:42:52');
INSERT INTO `xq_image` VALUES (1313, 27, '', '', 0, '20200628/axPav0w939M0udwG35r80uvPdcrD0HkY0DrAn9vN.png', '2020-06-28 14:42:52');
INSERT INTO `xq_image` VALUES (1314, 27, '', '', 0, '20200628/FMXjBsXcl34LCz4B2Idz48NBgbeRkT7fouPeC72T.jpeg', '2020-06-28 14:42:52');
INSERT INTO `xq_image` VALUES (1315, 27, '', '', 0, '20200628/oGi0bLdYTaTFmYr1yXeHEwAWLv6kAW6CsbuS4fE7.png', '2020-06-28 14:42:52');
INSERT INTO `xq_image` VALUES (1316, 27, '', '', 0, '20200628/9KMdXUhiJHQR0bj7XiWLXPrUEwKPh01AaZTgBudP.jpeg', '2020-06-28 14:42:52');
INSERT INTO `xq_image` VALUES (1317, 27, '', '', 0, '20200628/KnxbvZuM5HOpWgCasydkbJbSuaCoMb8fm8KoAQlb.png', '2020-06-28 14:42:52');
INSERT INTO `xq_image` VALUES (1318, 27, '', '', 0, '20200628/cv53DHoQB4oNGZCi1zsLV79xQx6R2DZ8MPBEMehe.jpeg', '2020-06-28 14:42:52');
INSERT INTO `xq_image` VALUES (1319, 27, '', '', 0, '20200628/7J9r2BRRJftYpQTVT3bGQex2OTWDbHXSzu5T2mTX.png', '2020-06-28 14:42:52');
INSERT INTO `xq_image` VALUES (1320, 27, '', '', 0, '20200628/otDnUd4UpaVOMAwr7W55gqMYnCsApB3ua6jFpmWR.jpeg', '2020-06-28 14:42:52');
INSERT INTO `xq_image` VALUES (1321, 27, '', '', 0, '20200628/nq8N4PAgg1TXfjNNCaIUb1Ka7K4hFhovrQ2zV2q2.jpeg', '2020-06-28 14:42:52');
INSERT INTO `xq_image` VALUES (1322, 27, '', '', 0, '20200628/jqf2wBgHO33tFdliC9uSIT5WT5EUVVpMwctdWofy.jpeg', '2020-06-28 14:42:52');
INSERT INTO `xq_image` VALUES (1323, 27, '', '', 0, '20200628/T62qBhF2uG1cMdrf4OsTTvRna9qSaNnY1nNq4QWw.jpeg', '2020-06-28 14:42:52');
INSERT INTO `xq_image` VALUES (1324, 27, '', '', 0, '20200628/L3ImWae8xv3o3gxcVm2aC5lSps2R6xaNEdG00Umm.png', '2020-06-28 14:42:52');
INSERT INTO `xq_image` VALUES (1325, 27, '', '', 0, '20200628/6wHXTqlPvlPp6VR0vmGmHGRfITaNAgM6GCivh4oD.jpeg', '2020-06-28 14:42:52');
INSERT INTO `xq_image` VALUES (1326, 27, '', '', 0, '20200628/Ff3WudDDhqv3qAlCGWABGSvDQKyC5NvGKSpqqJnN.png', '2020-06-28 14:42:52');
INSERT INTO `xq_image` VALUES (1327, 27, '', '', 0, '20200628/L6MbUCa9aPYepXQZpzPQJEAf0IGh8t0dT4Fi3Doc.png', '2020-06-28 14:42:52');
INSERT INTO `xq_image` VALUES (1328, 28, '', '', 0, '20200628/4Dhu4yqyYfdV4JvkjYTi1jOU0YhyxarS7gotmPLW.jpeg', '2020-06-28 14:43:55');
INSERT INTO `xq_image` VALUES (1329, 28, '', '', 0, '20200628/blD3uWttdmYmaVNmvoMlNiu1wHFr4t3b1rT2sEQf.jpeg', '2020-06-28 14:43:55');
INSERT INTO `xq_image` VALUES (1330, 28, '', '', 0, '20200628/1aUAoAjQv0etDdsOSkGlXwdItusk8OQFHLoaiLa7.jpeg', '2020-06-28 14:43:55');
INSERT INTO `xq_image` VALUES (1331, 28, '', '', 0, '20200628/Vc4RCL8jod6kWp9lTfdjxxgMvkh3UxWcNngl0f7D.jpeg', '2020-06-28 14:43:55');
INSERT INTO `xq_image` VALUES (1332, 28, '', '', 0, '20200628/YmXWjU5Kj0xW6b5Md8OhvhT6e6akOiRDYWdzOsHr.jpeg', '2020-06-28 14:43:55');
INSERT INTO `xq_image` VALUES (1333, 28, '', '', 0, '20200628/g1PdNtj4JHbVl7CX4aTNidfUK6Im9IfWH1X8eDdO.jpeg', '2020-06-28 14:43:55');
INSERT INTO `xq_image` VALUES (1334, 28, '', '', 0, '20200628/EOvvfB8liaYPgC4AiSK3oNdeaqJYyUNDSaHhe8Fu.jpeg', '2020-06-28 14:43:55');
INSERT INTO `xq_image` VALUES (1335, 28, '', '', 0, '20200628/bS1t05ujWVp5tEzW2mvLM3eIZPmlTrqCvXfFI8Rl.jpeg', '2020-06-28 14:43:55');
INSERT INTO `xq_image` VALUES (1336, 28, '', '', 0, '20200628/W21fF6VSKXzP7dAI7Lysf7WyXldeT8SHV2QWGzr9.jpeg', '2020-06-28 14:43:55');
INSERT INTO `xq_image` VALUES (1337, 28, '', '', 0, '20200628/28wKo2Qub2XVzz3yRmMp2Fpw92opJuQDD3Yfh8CP.jpeg', '2020-06-28 14:43:55');
INSERT INTO `xq_image` VALUES (1338, 28, '', '', 0, '20200628/HgOthGetiALa2zyEzQDqxmusVX1sptcHgzMGmIZP.jpeg', '2020-06-28 14:43:55');
INSERT INTO `xq_image` VALUES (1339, 28, '', '', 0, '20200628/8s3IovH8zKCuC3QZgbYmV7GkX2JgK5FpDRDlUzQO.jpeg', '2020-06-28 14:43:55');
INSERT INTO `xq_image` VALUES (1340, 28, '', '', 0, '20200628/mkDrgcN7nntf9hJYgxXTFJSjll4TMux1OokplKAL.jpeg', '2020-06-28 14:43:55');
INSERT INTO `xq_image` VALUES (1341, 28, '', '', 0, '20200628/r55EPRLCs6jh6w1CCKoJ83zFrQ43VRYW19jsiPOW.jpeg', '2020-06-28 14:43:55');
INSERT INTO `xq_image` VALUES (1342, 28, '', '', 0, '20200628/vZ7pd0vNt348b7GOKFZaOJ4QjG6rrMVxKka32YXA.jpeg', '2020-06-28 14:43:55');
INSERT INTO `xq_image` VALUES (1343, 28, '', '', 0, '20200628/o7XOYjLsA2BOp3OuhtbDVArY0EP69iPM6iBGtoPD.jpeg', '2020-06-28 14:43:55');
INSERT INTO `xq_image` VALUES (1344, 28, '', '', 0, '20200628/2ogN5hDEtdRYa9tKHNgLQOcO3vZQ5aNgymXvjuWt.jpeg', '2020-06-28 14:43:55');
INSERT INTO `xq_image` VALUES (1345, 28, '', '', 0, '20200628/G6CJrTpt7l0r8jqg7GJ0PVnzuEp1HzT2HNgZMgdX.jpeg', '2020-06-28 14:43:55');
INSERT INTO `xq_image` VALUES (1346, 28, '', '', 0, '20200628/MYJvJ5HocOJUm42SSSzqo7jIOLzofDOgiQUkqeCt.jpeg', '2020-06-28 14:43:55');
INSERT INTO `xq_image` VALUES (1347, 28, '', '', 0, '20200628/PzvGBy4JHxqgsCzBk4wsUDcCCCwy6pSklQk1hPCs.jpeg', '2020-06-28 14:43:55');
INSERT INTO `xq_image` VALUES (1348, 28, '', '', 0, '20200628/6dIv8LXrzdUMsUNPXVfOCwYpBvpbYypKKgzCokou.jpeg', '2020-06-28 14:43:55');
INSERT INTO `xq_image` VALUES (1349, 28, '', '', 0, '20200628/QOtwlquenoLxMfMS1AL20hrci47KcMGWeoWM7Ab8.jpeg', '2020-06-28 14:43:55');
INSERT INTO `xq_image` VALUES (1350, 28, '', '', 0, '20200628/SapPcxhUQ4GrUBRyLZB6T9wOQnQJEpyFFVw8I1EO.jpeg', '2020-06-28 14:43:55');
INSERT INTO `xq_image` VALUES (1351, 28, '', '', 0, '20200628/MiXwNWhkDXG01XhgicoghXTgVPrMvkogConpBowI.jpeg', '2020-06-28 14:43:55');
INSERT INTO `xq_image` VALUES (1352, 28, '', '', 0, '20200628/UAr7nb27WcUIeKJWZbsFsAWoSWkKCiAKIetmNPt0.jpeg', '2020-06-28 14:43:55');
INSERT INTO `xq_image` VALUES (1353, 28, '', '', 0, '20200628/frizljFQqD8l56J17HZbmSnubaQ82GCelJgW7W6F.jpeg', '2020-06-28 14:43:55');
INSERT INTO `xq_image` VALUES (1354, 28, '', '', 0, '20200628/xGIYg9CHqqRIMob9YvvPn63IGLluRpVHTrrOckjd.jpeg', '2020-06-28 14:43:55');
INSERT INTO `xq_image` VALUES (1355, 28, '', '', 0, '20200628/MOIMor50iCcElxWbXJPItKI0KIJCyOIcQ8YqOzxO.jpeg', '2020-06-28 14:43:55');
INSERT INTO `xq_image` VALUES (1356, 28, '', '', 0, '20200628/IsZJp6a1jxgeMg2AsriJsFJtsEOpiOEXPQp69Xlm.jpeg', '2020-06-28 14:43:55');
INSERT INTO `xq_image` VALUES (1357, 28, '', '', 0, '20200628/SHmmYArGxpNb9EUxQjh5iSNUCFvLixJTdUZinufo.jpeg', '2020-06-28 14:43:55');
INSERT INTO `xq_image` VALUES (1358, 28, '', '', 0, '20200628/FFRffFKlKZuxcCSctaTNvsMd5Ei57Hii3hBaqC1u.jpeg', '2020-06-28 14:43:55');
INSERT INTO `xq_image` VALUES (1359, 28, '', '', 0, '20200628/WpYK6tTQKmYkPRnXqa8W1EWE3NbZcecVRab1065b.jpeg', '2020-06-28 14:43:55');
INSERT INTO `xq_image` VALUES (1360, 28, '', '', 0, '20200628/OWDOlJ54r02LpZWo8SyWf99tdeWqdhvwkr6Ks4Hb.jpeg', '2020-06-28 14:43:55');
INSERT INTO `xq_image` VALUES (1361, 28, '', '', 0, '20200628/fxcGfsFvAWtvTSUVfl1rtJaqgq9dVAyodLDrOudI.jpeg', '2020-06-28 14:43:55');
INSERT INTO `xq_image` VALUES (1362, 28, '', '', 0, '20200628/I9bR8Rv5yiCylZoYLLxAssXq99O980kVO3ETmsPw.jpeg', '2020-06-28 14:43:55');
INSERT INTO `xq_image` VALUES (1363, 28, '', '', 0, '20200628/n3h11pD0VjXy8OnDnbzDJUEc5aCgQb2i4TK1XyFs.jpeg', '2020-06-28 14:43:55');
INSERT INTO `xq_image` VALUES (1364, 28, '', '', 0, '20200628/KWA4CrjQHYGb7UPRo5xNqaAR9Flh4CIeBh1JpGg5.jpeg', '2020-06-28 14:43:55');
INSERT INTO `xq_image` VALUES (1365, 28, '', '', 0, '20200628/OxNGZRF9qHCz9yP28EWQ9vBepZiU8WoYPqX4r76z.jpeg', '2020-06-28 14:43:55');
INSERT INTO `xq_image` VALUES (1366, 28, '', '', 0, '20200628/ws2WqcUAI5OCt8ghLsgiy6S3I8d4oxauVYEoB8OX.jpeg', '2020-06-28 14:43:55');
INSERT INTO `xq_image` VALUES (1367, 28, '', '', 0, '20200628/GnRzSXMabp7ILpDOty1TbqLX5hGNO3DvBzX0aoZ7.jpeg', '2020-06-28 14:43:55');
INSERT INTO `xq_image` VALUES (1368, 28, '', '', 0, '20200628/tg2vK6R0fzo068bbbWvCYRVisgqbHIHXStBgJl55.jpeg', '2020-06-28 14:43:55');
INSERT INTO `xq_image` VALUES (1369, 28, '', '', 0, '20200628/QmaNP7fcGCXMl9P1ev5kXTiUMEbq7JNwMoJ8XZUM.jpeg', '2020-06-28 14:43:55');
INSERT INTO `xq_image` VALUES (1370, 28, '', '', 0, '20200628/HiWVfe5PZnqerGqdBajXSBOpSbc6Vp4Bzk6Fcie2.jpeg', '2020-06-28 14:43:55');
INSERT INTO `xq_image` VALUES (1371, 28, '', '', 0, '20200628/SqMEMFVm7Jusll25rCGIXj7mu6RJ5ePSieoWtB8r.jpeg', '2020-06-28 14:43:55');
INSERT INTO `xq_image` VALUES (1372, 28, '', '', 0, '20200628/NVmWpNLy8LLyXTa8Jh7PF0dmMX5tTC1eN75F3Qoi.jpeg', '2020-06-28 14:43:55');
INSERT INTO `xq_image` VALUES (1373, 28, '', '', 0, '20200628/ae4WnY9txJV6PpTF0bGO8kjNsNZSY93leUpH0esk.jpeg', '2020-06-28 14:43:55');
INSERT INTO `xq_image` VALUES (1374, 28, '', '', 0, '20200628/almZQB0BglpOEPJnA7sjCHzuKPosR5sNBjTZDUz7.jpeg', '2020-06-28 14:43:55');
INSERT INTO `xq_image` VALUES (1375, 28, '', '', 0, '20200628/oS4Nh5AGxFFFrFWwT9jvm0n9GM3cxHSyQ0JS7tj2.jpeg', '2020-06-28 14:43:55');
INSERT INTO `xq_image` VALUES (1376, 28, '', '', 0, '20200628/4QSYTbw9sGjRxuFiwxnVHjnzhYY8kDQr5SabhvN5.jpeg', '2020-06-28 14:43:55');
INSERT INTO `xq_image` VALUES (1377, 28, '', '', 0, '20200628/ptL1ifoZXqbFEeHGlFt358shhnjzTi0kdBA7bKGR.jpeg', '2020-06-28 14:43:55');
INSERT INTO `xq_image` VALUES (1378, 29, '', '', 0, '20200628/U351RSwMUuRPhXQqXNY6kD8gEbs0ZojmoJGyVkqB.jpeg', '2020-06-28 14:44:39');
INSERT INTO `xq_image` VALUES (1379, 29, '', '', 0, '20200628/LVb0mTPIv5MKRkzOb0jIYxu71QnK7K8eTDS7rdiH.jpeg', '2020-06-28 14:44:39');
INSERT INTO `xq_image` VALUES (1380, 29, '', '', 0, '20200628/tIhE6OirjiiqLoV2cn0LSblvTD2yghloIbHKW9LD.jpeg', '2020-06-28 14:44:39');
INSERT INTO `xq_image` VALUES (1381, 29, '', '', 0, '20200628/9jMwmK3eppMMhpzsnb1NXLF8cfoYWOg1jAMMSTg4.jpeg', '2020-06-28 14:44:39');
INSERT INTO `xq_image` VALUES (1382, 29, '', '', 0, '20200628/JGVhUeYVq9I7nxv2wgN3QaVzKkWL1jRVfJp7t5m0.jpeg', '2020-06-28 14:44:39');
INSERT INTO `xq_image` VALUES (1383, 29, '', '', 0, '20200628/IiINsQLWvi40S7i23FUwHpf3tyaBubNt2P08zJap.jpeg', '2020-06-28 14:44:39');
INSERT INTO `xq_image` VALUES (1384, 29, '', '', 0, '20200628/H4jD74y5EBDhVHFFIXRlKfbQjBY7JYlyqiI4TRWO.jpeg', '2020-06-28 14:44:39');
INSERT INTO `xq_image` VALUES (1385, 29, '', '', 0, '20200628/zEoOtbupVXDM27OIsTuBRTD2AN6mlx7k3z7hj8h4.jpeg', '2020-06-28 14:44:39');
INSERT INTO `xq_image` VALUES (1386, 29, '', '', 0, '20200628/u4zzSfXWS8M1xYrRSgE3BJI0ZHggbfPFgGw2tm2b.jpeg', '2020-06-28 14:44:39');
INSERT INTO `xq_image` VALUES (1387, 29, '', '', 0, '20200628/A0nCmmVjEo2BwOzvCKMvmYWM2TEvGrqMlU7bWL9f.jpeg', '2020-06-28 14:44:39');
INSERT INTO `xq_image` VALUES (1388, 29, '', '', 0, '20200628/y1wJ2v0xBWniMom9W28CvJkJ32XyuUvH6cTgjOmA.jpeg', '2020-06-28 14:44:39');
INSERT INTO `xq_image` VALUES (1389, 29, '', '', 0, '20200628/7ZLnJwyTwL3tsMsbzKwmgcV9I1DG1CHn81k8Nu6X.jpeg', '2020-06-28 14:44:39');
INSERT INTO `xq_image` VALUES (1390, 29, '', '', 0, '20200628/y4nHnpN7ami1vDaGZB3W1bXTDGtxYP2E8GHofVj5.jpeg', '2020-06-28 14:44:39');
INSERT INTO `xq_image` VALUES (1391, 29, '', '', 0, '20200628/FwkGv3ZcvBUC2yWO0Xsaxd1yeGZWgPWGZxdodNZW.jpeg', '2020-06-28 14:44:39');
INSERT INTO `xq_image` VALUES (1392, 29, '', '', 0, '20200628/hccCPk8nInnvrDCK2OSEEdi3iUSY2Zk0niSejN49.jpeg', '2020-06-28 14:44:39');
INSERT INTO `xq_image` VALUES (1393, 29, '', '', 0, '20200628/itcIViEUAMTn24lLgkbiNESqC2KYs7lLkuUPxxxq.jpeg', '2020-06-28 14:44:39');
INSERT INTO `xq_image` VALUES (1394, 29, '', '', 0, '20200628/thxgepl6IugXoaAEEsTbJ545L3AjJEKkkv9edRim.jpeg', '2020-06-28 14:44:39');
INSERT INTO `xq_image` VALUES (1395, 29, '', '', 0, '20200628/fu0MAfMMWm58ryC6PpCbSdkOcx0bvEeGNCkPolv3.jpeg', '2020-06-28 14:44:39');
INSERT INTO `xq_image` VALUES (1396, 29, '', '', 0, '20200628/4edSzbWDigYthzBoLr6QzxZ8scYTG4LNK7hNnoUQ.jpeg', '2020-06-28 14:44:39');
INSERT INTO `xq_image` VALUES (1397, 29, '', '', 0, '20200628/5JCm8mNIs2peDtO5jPuK1dfFpe6o6eRXzutSemJ5.jpeg', '2020-06-28 14:44:39');
INSERT INTO `xq_image` VALUES (1398, 29, '', '', 0, '20200628/UyasqwT25knqfvoKFRCMPQkmN6vV9mdBnLr5PXWE.jpeg', '2020-06-28 14:44:39');
INSERT INTO `xq_image` VALUES (1399, 29, '', '', 0, '20200628/kpxhlv0UrIIVb4gRd1CymB6ITAg8K2wX7sjqn5UW.jpeg', '2020-06-28 14:44:39');
INSERT INTO `xq_image` VALUES (1400, 29, '', '', 0, '20200628/PQMsa0QwRBAWzaWbfZEKIPs7AF8MQp5rQBjthitH.jpeg', '2020-06-28 14:44:39');
INSERT INTO `xq_image` VALUES (1401, 29, '', '', 0, '20200628/0rQqZVOWJEgPE9NSvwAa2KdKK3MNXLujFLd08J3h.jpeg', '2020-06-28 14:44:39');
INSERT INTO `xq_image` VALUES (1402, 29, '', '', 0, '20200628/J5fcQjbcBRwTuGSSaSu7tmuLT0ZdOliAYLf7sAu3.jpeg', '2020-06-28 14:44:39');
INSERT INTO `xq_image` VALUES (1403, 29, '', '', 0, '20200628/dJGhdhMY0f4OCyrvxEi4xcp3c44u3vHXqRCbWMw7.jpeg', '2020-06-28 14:44:39');
INSERT INTO `xq_image` VALUES (1404, 29, '', '', 0, '20200628/2suBLoyMP9a1hEoZzTH1JbKm7LaC5Zkfg0un4bb6.jpeg', '2020-06-28 14:44:39');
INSERT INTO `xq_image` VALUES (1405, 29, '', '', 0, '20200628/ZT5ZXy5IyNlJdyBP90vq9d56KYZjaysWEbOyvdLH.jpeg', '2020-06-28 14:44:39');
INSERT INTO `xq_image` VALUES (1406, 29, '', '', 0, '20200628/ohNSrriZIGe2YQT3c8S4NOoOPmVo7AtFowId8shy.jpeg', '2020-06-28 14:44:39');
INSERT INTO `xq_image` VALUES (1407, 29, '', '', 0, '20200628/Mj4vP1kTtfdpuSvbNO1AKpmYdbaW48Cy3YTLwR1Y.jpeg', '2020-06-28 14:44:39');
INSERT INTO `xq_image` VALUES (1408, 29, '', '', 0, '20200628/3YtYZaWr7srmYqR27kSdiauTLrejfen3Y5nsCATI.jpeg', '2020-06-28 14:44:39');
INSERT INTO `xq_image` VALUES (1409, 29, '', '', 0, '20200628/JEVZDv0gDR7sDzXuBBiE53dQvFR4fO2tAfDuzM76.jpeg', '2020-06-28 14:44:39');
INSERT INTO `xq_image` VALUES (1410, 29, '', '', 0, '20200628/crKczfaUBpJd6T4sPlglHnJBr7XHpdooximfkNu0.jpeg', '2020-06-28 14:44:39');
INSERT INTO `xq_image` VALUES (1411, 29, '', '', 0, '20200628/vZLdt1L7EbAcflqnMTAr9YWMup06daAa52e1FUwY.jpeg', '2020-06-28 14:44:39');
INSERT INTO `xq_image` VALUES (1412, 29, '', '', 0, '20200628/sv8VMtPd6jjrGFm4Lus6NqukDaZOUxLY9HPUHKCU.jpeg', '2020-06-28 14:44:39');
INSERT INTO `xq_image` VALUES (1413, 29, '', '', 0, '20200628/XWyTt8haifvAQfoCEG7biIJ9DoIZWoIYw7tokTiy.jpeg', '2020-06-28 14:44:39');
INSERT INTO `xq_image` VALUES (1414, 29, '', '', 0, '20200628/1xsZKnjuAnj0D2ArA4vMm7uFwXxASZjsphDHDDWm.jpeg', '2020-06-28 14:44:39');
INSERT INTO `xq_image` VALUES (1415, 29, '', '', 0, '20200628/y51AqKezrfQkUuDolFAKl7cBgA2XLesrIpC45RN5.jpeg', '2020-06-28 14:44:39');
INSERT INTO `xq_image` VALUES (1416, 29, '', '', 0, '20200628/YKNsDgmkgr5XpTr3rpFEnbZmmUhxqZWKiAhSxYDy.jpeg', '2020-06-28 14:44:39');
INSERT INTO `xq_image` VALUES (1417, 29, '', '', 0, '20200628/FgMTOtiRltV03xxvVNaao4xGD8uiP9MgYUwXalNC.jpeg', '2020-06-28 14:44:39');
INSERT INTO `xq_image` VALUES (1418, 29, '', '', 0, '20200628/W2abBLvUFbyR5APDVKsXD5ldcLNlAimk06S60Pc5.jpeg', '2020-06-28 14:44:39');
INSERT INTO `xq_image` VALUES (1419, 29, '', '', 0, '20200628/72ykikVJcOMrAC0SBdlir3Q9A8dIMeis3di0K2T5.jpeg', '2020-06-28 14:44:39');
INSERT INTO `xq_image` VALUES (1420, 29, '', '', 0, '20200628/SgPNCgIyDYoXNi4nbcv763QsM5Zn5aJst9hIZK9b.jpeg', '2020-06-28 14:44:39');
INSERT INTO `xq_image` VALUES (1421, 29, '', '', 0, '20200628/30tczxwy1SOCCTaraCsevSgKKmPq542K1dL6JQBm.jpeg', '2020-06-28 14:44:39');
INSERT INTO `xq_image` VALUES (1422, 29, '', '', 0, '20200628/IDLkQTvCZ118ci9ypMNjvAzoHWAlc5vLWKGe5iEm.jpeg', '2020-06-28 14:44:39');
INSERT INTO `xq_image` VALUES (1423, 29, '', '', 0, '20200628/MakbCaEDbxbx95l45l3oU0bCQzHQNzgcgn1YlaBr.jpeg', '2020-06-28 14:44:39');
INSERT INTO `xq_image` VALUES (1424, 30, '', '', 0, '20200628/7px6GuZBJgSt7Q5ZDJ5oksDrGHK7eEiCFE5uoEXH.jpeg', '2020-06-28 22:12:16');
INSERT INTO `xq_image` VALUES (1426, 30, '', '', 0, '20200628/SaJdKXmFyOGwQrf9rpSZiWLY3so3nVrJOirty5u7.jpeg', '2020-06-28 22:12:16');

-- ----------------------------
-- Table structure for xq_image_at_position
-- ----------------------------
DROP TABLE IF EXISTS `xq_image_at_position`;
CREATE TABLE `xq_image_at_position`  (
  `id` bigint(20) UNSIGNED NOT NULL AUTO_INCREMENT,
  `position_id` bigint(20) UNSIGNED NULL DEFAULT 0 COMMENT '放置位置',
  `platform` varchar(255) CHARACTER SET utf8mb4 COLLATE utf8mb4_0900_ai_ci NULL DEFAULT '' COMMENT '缓存字段,xq_position.platform',
  `name` varchar(255) CHARACTER SET utf8mb4 COLLATE utf8mb4_0900_ai_ci NULL DEFAULT '' COMMENT '名称',
  `mime` varchar(50) CHARACTER SET utf8mb4 COLLATE utf8mb4_0900_ai_ci NULL DEFAULT '' COMMENT 'mime',
  `path` varchar(1000) CHARACTER SET utf8mb4 COLLATE utf8mb4_0900_ai_ci NULL DEFAULT '' COMMENT '路径',
  `link` varchar(1000) CHARACTER SET utf8mb4 COLLATE utf8mb4_0900_ai_ci NULL DEFAULT '' COMMENT '跳转链接',
  `module_id` bigint(20) UNSIGNED NULL DEFAULT 0 COMMENT 'xq_module.id',
  `created_at` datetime(0) NULL DEFAULT CURRENT_TIMESTAMP(0),
  PRIMARY KEY (`id`) USING BTREE
) ENGINE = InnoDB AUTO_INCREMENT = 35 CHARACTER SET = utf8mb4 COLLATE = utf8mb4_0900_ai_ci COMMENT = '定点图片' ROW_FORMAT = Dynamic;

-- ----------------------------
-- Records of xq_image_at_position
-- ----------------------------
INSERT INTO `xq_image_at_position` VALUES (1, 1, '', '', '', '20200626/bAMyJjcPDEFNeo0tiCFIMt01itUeoDhMKdGmjHMr.jpeg', '', 1, '2020-06-26 08:36:36');
INSERT INTO `xq_image_at_position` VALUES (2, 1, '', '', '', '20200626/T6AvWrPl8tEQ7qds1W0LFLfqFHuS8EqqahoVP4Bw.jpeg', '', 1, '2020-06-26 08:36:53');
INSERT INTO `xq_image_at_position` VALUES (3, 1, '', '', '', '20200626/xxjBDeXK9WX5c3hJfqHWnCU56QQzIMm0Y1lMdHx6.jpeg', '', 1, '2020-06-26 08:37:12');
INSERT INTO `xq_image_at_position` VALUES (4, 1, '', '', '', '20200626/QiRODyyqbuZFL4RMzKsMRky7KvoAjgPvwKIWUx8B.jpeg', '', 1, '2020-06-26 08:37:23');
INSERT INTO `xq_image_at_position` VALUES (5, 1, '', '', '', '20200626/4b7yTXue2IBB07ekbxFmlfQjP3Npyps9cdJUsu0v.jpeg', '', 1, '2020-06-26 08:38:09');
INSERT INTO `xq_image_at_position` VALUES (6, 2, '', '', '', '20200627/OzsVTMEKJPJdBVauDots03OIwzTAYm4Hxb07DdOj.jpeg', '', 1, '2020-06-27 16:48:53');
INSERT INTO `xq_image_at_position` VALUES (7, 2, '', '', '', '20200627/PksVgDCZlTZJb4KJlAlDYiK7JY0UTFUp4EW0six9.jpeg', '', 1, '2020-06-27 16:49:06');
INSERT INTO `xq_image_at_position` VALUES (8, 2, '', '', '', '20200627/XB6ozp2ckETJsADgiBmdpNrYEHsH31WhYt3xwXAD.jpeg', '', 1, '2020-06-27 16:49:13');
INSERT INTO `xq_image_at_position` VALUES (9, 2, '', '', '', '20200627/Tl5r2nAgmdevuGDopTVJvIUuu93oMtVlO58Tr2pN.jpeg', '', 1, '2020-06-27 16:49:21');
INSERT INTO `xq_image_at_position` VALUES (10, 2, '', '', '', '20200627/h4Qor0fMz8ID9Ef61QoUc8wZwdP60CQGJOynsFPE.jpeg', '', 1, '2020-06-27 16:59:35');
INSERT INTO `xq_image_at_position` VALUES (11, 1, '', '', '', '20200628/QJomxYhhDJShQNLogfxSTmqj1xqq5tNy4RrhWZuS.jpeg', 'https://awm.moe/', 3, '2020-06-28 14:22:12');
INSERT INTO `xq_image_at_position` VALUES (12, 1, '', '', '', '20200628/X4ifYN6ykciFyuUWGwIoAcyXK82fpbEBubdivNe7.jpeg', '', 3, '2020-06-28 14:22:20');
INSERT INTO `xq_image_at_position` VALUES (13, 1, '', '', '', '20200628/SpaE0DcOJTCBx1TDtDBHfnIQ2r1klqZyUQa2MRhZ.jpeg', '', 3, '2020-06-28 14:22:27');
INSERT INTO `xq_image_at_position` VALUES (14, 2, 'web', '', '', '20200628/NP1BtmsZvDQOE15wIZKVJQEot5dM8oRsjmHVUM3e.jpeg', '#/image_subject/29/show', 3, '2020-06-28 14:22:55');
INSERT INTO `xq_image_at_position` VALUES (15, 2, 'web', '', '', '20200628/xpbsgwdwqk1NNwr18vYVQ2FpFWoYfgijmEGsd5Xc.jpeg', '', 3, '2020-06-28 14:23:05');
INSERT INTO `xq_image_at_position` VALUES (16, 2, 'web', '', '', '20200628/druMeQSnc0stbUu3GWPat6tuYhb3tunAxYBCkeau.jpeg', '', 3, '2020-06-28 14:23:19');
INSERT INTO `xq_image_at_position` VALUES (17, 2, 'web', '', '', '20200628/yBP643Y5fHF5LqmZRFrfrEioaYN8MZnGfnHYNm4v.jpeg', '', 3, '2020-06-28 14:23:30');
INSERT INTO `xq_image_at_position` VALUES (18, 2, 'web', '', '', '20200628/SunCQ35BR3PZI1fBrq4nyuzCx8XBTocjwaFo5fdF.jpeg', '', 3, '2020-06-28 14:23:59');

-- ----------------------------
-- Table structure for xq_image_subject
-- ----------------------------
DROP TABLE IF EXISTS `xq_image_subject`;
CREATE TABLE `xq_image_subject`  (
  `id` bigint(20) UNSIGNED NOT NULL AUTO_INCREMENT,
  `name` varchar(255) CHARACTER SET utf8mb4 COLLATE utf8mb4_bin NULL DEFAULT '' COMMENT '专题名称',
  `user_id` bigint(20) UNSIGNED NULL DEFAULT 0 COMMENT 'xq_user.id',
  `module_id` bigint(20) UNSIGNED NULL DEFAULT 0 COMMENT 'xq_module.id',
  `category_id` bigint(20) UNSIGNED NULL DEFAULT 0 COMMENT 'xq_category.id',
  `type` varchar(100) CHARACTER SET utf8mb4 COLLATE utf8mb4_bin NULL DEFAULT 'misc' COMMENT '类别：pro-专题、 misc-杂类',
  `subject_id` bigint(20) UNSIGNED NULL DEFAULT 0 COMMENT '仅在 type=pro的时候有效，关联的主体，xq_subject.id',
  `thumb` varchar(500) CHARACTER SET utf8mb4 COLLATE utf8mb4_bin NULL DEFAULT NULL COMMENT '封面',
  `description` varchar(500) CHARACTER SET utf8mb4 COLLATE utf8mb4_bin NULL DEFAULT NULL COMMENT '描述',
  `weight` int(11) NULL DEFAULT 0 COMMENT '权重',
  `view_count` bigint(20) UNSIGNED NULL DEFAULT 0 COMMENT '浏览次数',
  `praise_count` bigint(20) UNSIGNED NULL DEFAULT 0 COMMENT '获赞次数',
  `status` tinyint(4) NULL DEFAULT 0 COMMENT '审核状态：-1-审核失败 0-待审核 1-审核通过',
  `fail_reason` varchar(1000) CHARACTER SET utf8mb4 COLLATE utf8mb4_bin NULL DEFAULT '' COMMENT '失败原因',
  `created_at` datetime(0) NULL DEFAULT CURRENT_TIMESTAMP(0) COMMENT '创建时间',
  `updated_at` datetime(0) NULL DEFAULT CURRENT_TIMESTAMP(0) ON UPDATE CURRENT_TIMESTAMP(0),
  PRIMARY KEY (`id`) USING BTREE,
  INDEX `module_id`(`module_id`) USING BTREE,
  INDEX `category_id`(`category_id`) USING BTREE
) ENGINE = InnoDB AUTO_INCREMENT = 47 CHARACTER SET = utf8mb4 COLLATE = utf8mb4_bin COMMENT = '图片专题表' ROW_FORMAT = Dynamic;

-- ----------------------------
-- Records of xq_image_subject
-- ----------------------------
INSERT INTO `xq_image_subject` VALUES (12, '[Ugirls尤果网]2018.04.25 U361 李焱[64P613M]', 1, 1, 32, 'pro', 1, '20200628/JVfiinq2gpV2wrsAZd4n6DfOLTwRNc6Ig1Yzxdwu.jpeg', '', 0, 10, 1, 1, '', '2020-06-26 10:07:08', '2020-07-16 22:26:32');
INSERT INTO `xq_image_subject` VALUES (13, '[MFStar模范学院]2020.01.21 Vol.262 恩率babe[50+1P115M]', 1, 1, 28, 'pro', 9, '20200623/iomonA0ymvqSuoUi3RChOSpy2m8o7kJptLOQRthg.jpeg', '', 0, 4, 0, 1, '', '2020-06-23 13:15:34', '2020-07-15 16:11:14');
INSERT INTO `xq_image_subject` VALUES (14, '[MFStar模范学院]2017.10.06 NO.108 姗姗[51+1P247M]', 1, 1, 34, 'pro', 10, '20200623/tvVckkWEGYMcMRkGH50XBc1YBzRUQILNYK8gxMzY.jpeg', '', 0, 22, 0, 1, '', '2020-06-23 13:26:33', '2020-07-15 16:10:13');
INSERT INTO `xq_image_subject` VALUES (15, '[MFStar范模学院]2018.08.16 Vol.139 姗姗[46+1P234M]', 1, 1, 34, 'pro', 10, '20200623/HCr2pevnoWb3ZR7tgs8eH6BowZRcW2h5lRn53ayx.jpeg', '', 0, 0, 0, 1, '', '2020-06-23 13:33:23', '2020-06-24 03:35:53');
INSERT INTO `xq_image_subject` VALUES (16, '[MyGirl美媛馆] 2019.08.16 VOL.381 糯美子Mini-新人[100+1P286M]', 1, 1, 28, 'pro', 12, '20200623/8IQg478DHHEsLyilYMQ93RMJaEvkwBDj53pI07x1.jpeg', '', 0, 0, 1, 1, '', '2020-06-23 13:42:44', '2020-07-11 23:43:19');
INSERT INTO `xq_image_subject` VALUES (17, '[XIUREN秀人网]2019.09.30 No.1705 陶喜乐_lele[71P189M]', 1, 1, 28, 'pro', 11, '20200623/AMMv7e3bnSbm8lHePBFauGoLxIYQMjsdPrgWkh3h.jpeg', '', 0, 8, 2, 1, '', '2020-06-23 19:32:20', '2020-07-17 00:50:28');
INSERT INTO `xq_image_subject` VALUES (18, 'test', 1, 1, 21, 'misc', 0, '20200623/DQdwSc4iOVfoevGvpg2unjcMRt0cbKhNVxGZ9end.jpeg', '', 0, 0, 1, 1, '123', '2020-06-23 17:07:05', '2020-07-11 23:43:27');
INSERT INTO `xq_image_subject` VALUES (19, '[HuaYang花漾]2018.09.26 Vol.085 模特_卿卿[45+1P80M]', 1, 1, 35, 'pro', 13, '20200623/rnpD9lsC9SBKsgAZVdaLI767exezjiZSOOSJQSNa.jpeg', '', 0, 12, 1, 1, '', '2020-06-23 19:43:31', '2020-07-17 00:28:19');
INSERT INTO `xq_image_subject` VALUES (20, '[MyGirl美媛馆]2019.08.07 Vol.378 糯美子Mini[60+1P120M]', 1, 1, 29, 'pro', 12, '20200625/3gZMeaq8gjEnLxL0JnY6e6JGjCyUdi3Iau4bET51.jpeg', '', 0, 10, 1, 1, '', '2020-06-25 08:59:18', '2020-07-17 00:28:06');
INSERT INTO `xq_image_subject` VALUES (21, '琉璃神社壁纸包 2019 01', 1, 3, 36, 'misc', 0, '20200628/xsJhAb3Sxoy9EbYSZv7VvxxW3jctAycW0utS0Uoz.jpeg', '', 0, 7, 0, 1, '', '2020-06-28 06:12:02', '2020-07-16 21:59:58');
INSERT INTO `xq_image_subject` VALUES (22, '琉璃神社 壁纸包 2019 02', 1, 3, 36, 'misc', 0, '20200628/CRwsCLuBOcTjN2cZc3ZXWsgShKOWd1Fw2Oqql6CK.jpeg', '', 0, 2, 0, 1, '', '2020-06-28 06:31:16', '2020-07-15 15:42:36');
INSERT INTO `xq_image_subject` VALUES (23, '琉璃神社壁纸包 2019年3月号', 1, 3, 36, 'pro', 14, '20200628/iZflxc5yNqckSfw9ZzPPZlfGf5ax16w08PoqsEYN.jpeg', '', 0, 115, 2, 1, '', '2020-06-28 06:32:48', '2020-07-16 22:26:22');
INSERT INTO `xq_image_subject` VALUES (24, '琉璃神社壁纸包 2019年4月号', 1, 3, 36, 'misc', 0, '20200628/kwue2p93CFguWfUr7j90bf1rGzsy2ZyyPyrSgHb9.jpeg', '', 0, 55, 2, 1, '', '2020-06-28 06:35:27', '2020-07-17 00:15:13');
INSERT INTO `xq_image_subject` VALUES (25, '琉璃神社壁纸包 2019年5月号', 1, 3, 36, 'misc', 0, '20200628/raQfnAEoRour15hrtn7X5Vca2b5SByyUl6c23Gza.jpeg', '', 0, 3, 0, 1, '', '2020-06-28 06:41:01', '2020-07-16 13:10:41');
INSERT INTO `xq_image_subject` VALUES (26, '琉璃神社壁纸包 2019年6月号', 1, 3, 36, 'misc', 0, '20200628/ABuiWyNoUpXBz0c212hOK7u0zBehK1R1ULaHFo5e.jpeg', '', 0, 14, 1, 1, '', '2020-06-28 06:42:00', '2020-07-17 00:56:44');
INSERT INTO `xq_image_subject` VALUES (27, '琉璃神社壁纸包 2019年7月号', 1, 3, 36, 'misc', 0, '20200628/LFh2Vq41nJbYemgiJ0OMIlDcdtgaJGFgdtoXVu9m.png', '王者荣耀 瑶遇见神鹿 <br>\n出镜:@蜜玲珑 <br>\n摄影:@爆炸蜻蜓 <br>\n后期: @对我是花爷 @爆炸蜻蜓 <br>\n服装提供:@美萌工坊 <br>\n我来更新了[羞嗒嗒]  <br>\n<br>\n蜜玲珑的瑶遇见神鹿cos真的太好看了，唯美动人，清新自然，仿佛就初入世外桃源，发现仙女那种心动感觉，太美太好看了，推次元必须推荐给大家，喜欢的朋友可以来微博关注支持@蜜玲珑</h3>', 0, 110, 2, 1, '', '2020-06-28 06:42:52', '2020-07-17 00:56:29');
INSERT INTO `xq_image_subject` VALUES (28, '琉璃神社壁纸包 2019年8月号', 1, 3, 36, 'misc', 0, '20200628/3wDlSRu2az4wRTzxBtdTCGtlgEknj7UKhTKUe8Zx.jpeg', '', 0, 79, 3, 1, '', '2020-06-28 06:43:55', '2020-07-17 00:49:52');
INSERT INTO `xq_image_subject` VALUES (29, '琉璃神社壁纸包 2019年9月号 测试风刀霜剑反馈的首付款斯大林福克斯的反馈就是豆浆', 1, 3, 36, 'misc', 14, '20200628/hLDAJUtj3sxFV2fkQQaouSQiU2E1qgp0ejKjr1RW.jpeg', '我很好，哈哈哈，哈哈哈哈哈哈', 0, 454, 2, 1, '', '2020-06-28 06:44:39', '2020-07-17 00:45:06');
INSERT INTO `xq_image_subject` VALUES (30, '杂项123', 1, 3, 37, 'pro', 14, '20200628/LECVU7sLG2zht828IC0xWyo313bgDD9cvaCQwA5q.jpeg', '这版是简要的描述内容~~~', 0, 717, 1, 1, '', '2020-06-28 14:12:16', '2020-07-17 00:56:41');

-- ----------------------------
-- Table structure for xq_image_subject_comment
-- ----------------------------
DROP TABLE IF EXISTS `xq_image_subject_comment`;
CREATE TABLE `xq_image_subject_comment`  (
  `id` bigint(20) UNSIGNED NOT NULL AUTO_INCREMENT,
  `content` text CHARACTER SET utf8mb4 COLLATE utf8mb4_bin NULL COMMENT '内容',
  `image_subject_id` bigint(20) UNSIGNED NULL DEFAULT 0 COMMENT 'xq_image_subject.id',
  `user_id` bigint(20) UNSIGNED NULL DEFAULT 0 COMMENT 'xq_user.id 评论者',
  `p_id` int(11) NULL DEFAULT NULL COMMENT 'xq_image_subject_comment.id',
  `praise_count` bigint(20) UNSIGNED NULL DEFAULT 0 COMMENT '获赞次数',
  `against_count` bigint(20) UNSIGNED NULL DEFAULT 0 COMMENT '反对次数',
  `status` tinyint(4) NULL DEFAULT 1 COMMENT '状态：-1-审核不通过 0-审核中 1-审核通过',
  `created_at` datetime(0) NULL DEFAULT CURRENT_TIMESTAMP(0),
  `updated_at` datetime(0) NULL DEFAULT CURRENT_TIMESTAMP(0) ON UPDATE CURRENT_TIMESTAMP(0),
  PRIMARY KEY (`id`) USING BTREE
) ENGINE = InnoDB CHARACTER SET = utf8mb4 COLLATE = utf8mb4_bin COMMENT = '图片专题评论表' ROW_FORMAT = Dynamic;

-- ----------------------------
-- Table structure for xq_image_subject_comment_image
-- ----------------------------
DROP TABLE IF EXISTS `xq_image_subject_comment_image`;
CREATE TABLE `xq_image_subject_comment_image`  (
  `id` bigint(20) UNSIGNED NOT NULL AUTO_INCREMENT,
  `image_subject_id` bigint(20) UNSIGNED NULL DEFAULT 0 COMMENT 'xq_image_subject.id',
  `image_subject_comment_id` bigint(20) UNSIGNED NULL DEFAULT 0 COMMENT 'xq_image_subject_comment.id',
  `name` varchar(500) CHARACTER SET utf8mb4 COLLATE utf8mb4_bin NULL DEFAULT '' COMMENT '文件名称',
  `mime` varchar(50) CHARACTER SET utf8mb4 COLLATE utf8mb4_bin NULL DEFAULT NULL COMMENT '文件 mime 类型',
  `size` bigint(20) UNSIGNED NULL DEFAULT 0 COMMENT '文件大小，单位字节',
  `path` varchar(500) CHARACTER SET utf8mb4 COLLATE utf8mb4_bin NULL DEFAULT '' COMMENT '文件路径',
  `created_at` datetime(0) NULL DEFAULT CURRENT_TIMESTAMP(0),
  PRIMARY KEY (`id`) USING BTREE
) ENGINE = InnoDB CHARACTER SET = utf8mb4 COLLATE = utf8mb4_bin COMMENT = '图片专题评论表' ROW_FORMAT = Dynamic;

-- ----------------------------
-- Table structure for xq_module
-- ----------------------------
DROP TABLE IF EXISTS `xq_module`;
CREATE TABLE `xq_module`  (
  `id` bigint(20) UNSIGNED NOT NULL AUTO_INCREMENT,
  `name` varchar(255) CHARACTER SET utf8mb4 COLLATE utf8mb4_bin NULL DEFAULT '' COMMENT '名称',
  `description` varchar(500) CHARACTER SET utf8mb4 COLLATE utf8mb4_bin NULL DEFAULT NULL COMMENT '描述',
  `weight` int(11) NULL DEFAULT 0 COMMENT '权重',
  `created_at` datetime(0) NULL DEFAULT CURRENT_TIMESTAMP(0),
  `updated_at` datetime(0) NULL DEFAULT CURRENT_TIMESTAMP(0) ON UPDATE CURRENT_TIMESTAMP(0),
  `enable` tinyint(4) NULL DEFAULT 1 COMMENT '启用？0-否 1-是',
  PRIMARY KEY (`id`) USING BTREE
) ENGINE = InnoDB AUTO_INCREMENT = 6 CHARACTER SET = utf8mb4 COLLATE = utf8mb4_bin COMMENT = '模块表' ROW_FORMAT = Dynamic;

-- ----------------------------
-- Records of xq_module
-- ----------------------------
INSERT INTO `xq_module` VALUES (1, '新世界', NULL, 0, '2020-06-13 22:31:36', '2020-07-13 18:56:14', 1);
INSERT INTO `xq_module` VALUES (3, '旧世界', NULL, 10, '2020-06-13 22:32:41', '2020-07-13 18:40:55', 1);

-- ----------------------------
-- Table structure for xq_nav
-- ----------------------------
DROP TABLE IF EXISTS `xq_nav`;
CREATE TABLE `xq_nav`  (
  `id` bigint(20) UNSIGNED NOT NULL AUTO_INCREMENT,
  `name` varchar(255) CHARACTER SET utf8mb4 COLLATE utf8mb4_bin NULL DEFAULT '' COMMENT '菜单名称',
  `value` varchar(500) CHARACTER SET utf8mb4 COLLATE utf8mb4_bin NULL DEFAULT '' COMMENT '菜单 value',
  `p_id` bigint(20) UNSIGNED NULL DEFAULT 0 COMMENT 'xq_nav.id',
  `is_menu` tinyint(4) NULL DEFAULT 0 COMMENT '菜单？0-否 1-是',
  `enable` tinyint(4) NULL DEFAULT 0 COMMENT '启用？0-否 1-是',
  `weight` int(11) NULL DEFAULT 0 COMMENT '权重',
  `module_id` bigint(20) UNSIGNED NULL DEFAULT 0 COMMENT 'xq_module.id',
  `platform` varchar(255) CHARACTER SET utf8mb4 COLLATE utf8mb4_bin NULL DEFAULT '' COMMENT '平台：app | android | ios | web | mobile',
  `created_at` datetime(0) NULL DEFAULT NULL,
  PRIMARY KEY (`id`) USING BTREE
) ENGINE = InnoDB AUTO_INCREMENT = 7 CHARACTER SET = utf8mb4 COLLATE = utf8mb4_bin COMMENT = '菜单表-区分不同平台' ROW_FORMAT = Dynamic;

-- ----------------------------
-- Records of xq_nav
-- ----------------------------
INSERT INTO `xq_nav` VALUES (1, '首页', '/index', 0, 1, 1, 0, 3, 'web', '2020-06-28 21:18:00');
INSERT INTO `xq_nav` VALUES (2, '图片专区', '/image_subject/index', 0, 1, 1, 0, 3, 'web', '2020-06-28 21:18:00');
INSERT INTO `xq_nav` VALUES (3, '二次元', '/image_subject/search?category_id=37', 2, 1, 1, 0, 3, 'web', '2020-06-28 21:18:00');
INSERT INTO `xq_nav` VALUES (4, '三次元', '/image_subject/search?category_id=38', 2, 1, 1, 0, 3, 'web', '2020-06-28 21:18:00');
INSERT INTO `xq_nav` VALUES (5, '琉璃神社', '/image_subject/search?category_id=39', 3, 1, 1, 0, 3, 'web', '2020-06-28 21:18:00');
INSERT INTO `xq_nav` VALUES (6, '图片详情', '/image_subject/:id/show', 2, 0, 1, 0, 3, 'web', '2020-06-28 21:38:35');

-- ----------------------------
-- Table structure for xq_position
-- ----------------------------
DROP TABLE IF EXISTS `xq_position`;
CREATE TABLE `xq_position`  (
  `id` bigint(20) UNSIGNED NOT NULL AUTO_INCREMENT,
  `value` varchar(255) CHARACTER SET utf8mb4 COLLATE utf8mb4_0900_ai_ci NULL DEFAULT '' COMMENT '值',
  `name` varchar(255) CHARACTER SET utf8mb4 COLLATE utf8mb4_0900_ai_ci NULL DEFAULT '' COMMENT '名称',
  `description` varchar(1000) CHARACTER SET utf8mb4 COLLATE utf8mb4_0900_ai_ci NULL DEFAULT '' COMMENT '位置描述',
  `platform` varchar(255) CHARACTER SET utf8mb4 COLLATE utf8mb4_0900_ai_ci NULL DEFAULT '' COMMENT '平台：当前预备的有 app|android|ios|web|mobile 等，后期可扩充',
  `created_at` datetime(0) NULL DEFAULT CURRENT_TIMESTAMP(0),
  PRIMARY KEY (`id`) USING BTREE
) ENGINE = InnoDB AUTO_INCREMENT = 3 CHARACTER SET = utf8mb4 COLLATE = utf8mb4_0900_ai_ci COMMENT = '位置' ROW_FORMAT = Dynamic;

-- ----------------------------
-- Records of xq_position
-- ----------------------------
INSERT INTO `xq_position` VALUES (1, 'home_slideshow', '首页幻灯片', '', 'web', '2020-07-13 16:24:16');
INSERT INTO `xq_position` VALUES (2, 'image_project', '图片专题-幻灯片', '', 'web', '2020-07-13 16:27:31');

-- ----------------------------
-- Table structure for xq_praise
-- ----------------------------
DROP TABLE IF EXISTS `xq_praise`;
CREATE TABLE `xq_praise`  (
  `id` bigint(20) UNSIGNED NOT NULL AUTO_INCREMENT,
  `user_id` bigint(20) UNSIGNED NULL DEFAULT 0 COMMENT 'xq_user.id',
  `relation_type` varchar(255) CHARACTER SET utf8mb4 COLLATE utf8mb4_bin NULL DEFAULT '' COMMENT '关联表类型: 比如 image_subject-图片专题',
  `relation_id` bigint(20) UNSIGNED NULL DEFAULT 0 COMMENT '关联表主键id',
  `module_id` bigint(20) UNSIGNED NULL DEFAULT 0 COMMENT 'xq.module.id',
  `created_at` datetime(0) NULL DEFAULT NULL,
  PRIMARY KEY (`id`) USING BTREE,
  UNIQUE INDEX `unique`(`user_id`, `relation_type`, `relation_id`, `module_id`) USING BTREE
) ENGINE = InnoDB AUTO_INCREMENT = 85 CHARACTER SET = utf8mb4 COLLATE = utf8mb4_bin COMMENT = '点赞表' ROW_FORMAT = Dynamic;

-- ----------------------------
-- Records of xq_praise
-- ----------------------------
INSERT INTO `xq_praise` VALUES (36, 1, 'image_project', 23, 3, '2020-07-08 13:26:38');
INSERT INTO `xq_praise` VALUES (61, 1, 'image_project', 16, 1, '2020-07-11 23:43:19');
INSERT INTO `xq_praise` VALUES (62, 1, 'image_project', 20, 1, '2020-07-11 23:43:21');
INSERT INTO `xq_praise` VALUES (63, 1, 'image_project', 12, 1, '2020-07-11 23:43:23');
INSERT INTO `xq_praise` VALUES (64, 1, 'image_project', 18, 1, '2020-07-11 23:43:27');
INSERT INTO `xq_praise` VALUES (65, 1, 'image_project', 17, 1, '2020-07-11 23:43:30');
INSERT INTO `xq_praise` VALUES (66, 1, 'image_project', 45, 5, '2020-07-12 00:22:22');
INSERT INTO `xq_praise` VALUES (69, 1, 'image_project', 38, 4, '2020-07-12 00:38:53');
INSERT INTO `xq_praise` VALUES (70, 1, 'image_project', 37, 4, '2020-07-12 00:38:54');
INSERT INTO `xq_praise` VALUES (71, 1, 'image_project', 36, 4, '2020-07-12 00:38:55');
INSERT INTO `xq_praise` VALUES (73, 1, 'image_project', 24, 3, '2020-07-13 21:57:27');
INSERT INTO `xq_praise` VALUES (85, 1, 'image_project', 29, 3, '2020-07-15 21:59:08');
INSERT INTO `xq_praise` VALUES (88, 1, 'image_project', 30, 3, '2020-07-16 12:57:31');
INSERT INTO `xq_praise` VALUES (100, 1, 'image_project', 26, 3, '2020-07-16 22:00:14');
INSERT INTO `xq_praise` VALUES (101, 1, 'image_project', 28, 3, '2020-07-16 22:04:38');
INSERT INTO `xq_praise` VALUES (102, 1, 'image_project', 19, 1, '2020-07-17 00:20:16');
INSERT INTO `xq_praise` VALUES (103, 1, 'image_project', 27, 3, '2020-07-17 00:44:35');

-- ----------------------------
-- Table structure for xq_relation_tag
-- ----------------------------
DROP TABLE IF EXISTS `xq_relation_tag`;
CREATE TABLE `xq_relation_tag`  (
  `id` bigint(20) UNSIGNED NOT NULL AUTO_INCREMENT,
  `tag_id` bigint(20) UNSIGNED NULL DEFAULT 0 COMMENT 'xq_tag.id',
  `name` varchar(500) CHARACTER SET utf8mb4 COLLATE utf8mb4_bin NULL DEFAULT '' COMMENT '标签名称，缓存字段',
  `relation_type` varchar(255) CHARACTER SET utf8mb4 COLLATE utf8mb4_bin NULL DEFAULT '' COMMENT '关联类型，比如 image_subject-图片专题',
  `relation_id` bigint(20) UNSIGNED NULL DEFAULT 0 COMMENT '对应关联表中的 id',
  `module_id` bigint(20) UNSIGNED NULL DEFAULT 0 COMMENT 'xq_module.id',
  PRIMARY KEY (`id`) USING BTREE
) ENGINE = InnoDB AUTO_INCREMENT = 206 CHARACTER SET = utf8mb4 COLLATE = utf8mb4_bin COMMENT = '关联标签' ROW_FORMAT = Dynamic;

-- ----------------------------
-- Records of xq_relation_tag
-- ----------------------------
INSERT INTO `xq_relation_tag` VALUES (15, 48, '雪嫩肌肤', 'image_project', 13, 1);
INSERT INTO `xq_relation_tag` VALUES (16, 49, '惊艳', 'image_project', 13, 1);
INSERT INTO `xq_relation_tag` VALUES (18, 51, '诱人', 'image_project', 13, 1);
INSERT INTO `xq_relation_tag` VALUES (19, 52, '少女', 'image_project', 13, 1);
INSERT INTO `xq_relation_tag` VALUES (21, 22, '嫩模', 'image_project', 15, 1);
INSERT INTO `xq_relation_tag` VALUES (22, 23, '乳沟', 'image_project', 15, 1);
INSERT INTO `xq_relation_tag` VALUES (23, 24, '童颜巨乳', 'image_project', 15, 1);
INSERT INTO `xq_relation_tag` VALUES (24, 25, '酥胸', 'image_project', 15, 1);
INSERT INTO `xq_relation_tag` VALUES (25, 26, '胴体', 'image_project', 15, 1);
INSERT INTO `xq_relation_tag` VALUES (26, 27, '若隐如现', 'image_project', 15, 1);
INSERT INTO `xq_relation_tag` VALUES (27, 24, '童颜巨乳', 'image_project', 14, 1);
INSERT INTO `xq_relation_tag` VALUES (28, 25, '酥胸', 'image_project', 14, 1);
INSERT INTO `xq_relation_tag` VALUES (29, 26, '胴体', 'image_project', 14, 1);
INSERT INTO `xq_relation_tag` VALUES (30, 27, '若隐如现', 'image_project', 14, 1);
INSERT INTO `xq_relation_tag` VALUES (31, 23, '乳沟', 'image_project', 16, 1);
INSERT INTO `xq_relation_tag` VALUES (32, 24, '童颜巨乳', 'image_project', 16, 1);
INSERT INTO `xq_relation_tag` VALUES (33, 25, '酥胸', 'image_project', 16, 1);
INSERT INTO `xq_relation_tag` VALUES (34, 26, '胴体', 'image_project', 16, 1);
INSERT INTO `xq_relation_tag` VALUES (35, 27, '若隐如现', 'image_project', 16, 1);
INSERT INTO `xq_relation_tag` VALUES (43, 24, '童颜巨乳', 'image_project', 19, 1);
INSERT INTO `xq_relation_tag` VALUES (47, 22, '嫩模', 'image_project', 20, 1);
INSERT INTO `xq_relation_tag` VALUES (48, 23, '乳沟', 'image_project', 20, 1);
INSERT INTO `xq_relation_tag` VALUES (49, 24, '童颜巨乳', 'image_project', 20, 1);
INSERT INTO `xq_relation_tag` VALUES (50, 25, '酥胸', 'image_project', 20, 1);
INSERT INTO `xq_relation_tag` VALUES (51, 26, '胴体', 'image_project', 20, 1);
INSERT INTO `xq_relation_tag` VALUES (52, 27, '若隐如现', 'image_project', 20, 1);
INSERT INTO `xq_relation_tag` VALUES (65, 53, 'ACG', 'image_project', 18, 1);
INSERT INTO `xq_relation_tag` VALUES (68, 26, '胴体', 'image_project', 12, 1);
INSERT INTO `xq_relation_tag` VALUES (72, 24, '童颜巨乳', 'image_project', 12, 1);
INSERT INTO `xq_relation_tag` VALUES (73, 56, '美臀', 'image_project', 12, 1);
INSERT INTO `xq_relation_tag` VALUES (74, 51, '诱人', 'image_project', 12, 1);
INSERT INTO `xq_relation_tag` VALUES (75, 58, '娃娃脸', 'image_project', 19, 1);
INSERT INTO `xq_relation_tag` VALUES (76, 59, '御姐', 'image_project', 17, 1);
INSERT INTO `xq_relation_tag` VALUES (77, 24, '童颜巨乳', 'image_project', 17, 1);
INSERT INTO `xq_relation_tag` VALUES (78, 60, '美艳', 'image_project', 17, 1);
INSERT INTO `xq_relation_tag` VALUES (79, 66, 'ACG', 'image_project', 22, 3);
INSERT INTO `xq_relation_tag` VALUES (80, 66, 'ACG', 'image_project', 23, 3);
INSERT INTO `xq_relation_tag` VALUES (81, 66, 'ACG', 'image_project', 24, 3);
INSERT INTO `xq_relation_tag` VALUES (82, 66, 'ACG', 'image_project', 25, 3);
INSERT INTO `xq_relation_tag` VALUES (83, 66, 'ACG', 'image_project', 26, 3);
INSERT INTO `xq_relation_tag` VALUES (84, 66, 'ACG', 'image_project', 27, 3);
INSERT INTO `xq_relation_tag` VALUES (85, 66, 'ACG', 'image_project', 28, 3);
INSERT INTO `xq_relation_tag` VALUES (86, 66, 'ACG', 'image_project', 29, 3);
INSERT INTO `xq_relation_tag` VALUES (87, 66, 'ACG', 'image_project', 30, 3);
INSERT INTO `xq_relation_tag` VALUES (90, 69, '勇者传说', 'image_project', 29, 3);
INSERT INTO `xq_relation_tag` VALUES (133, 67, '唯美', 'image_project', 24, 3);
INSERT INTO `xq_relation_tag` VALUES (134, 70, '圣剑传说', 'image_project', 24, 3);
INSERT INTO `xq_relation_tag` VALUES (135, 72, '黑暗之魂', 'image_project', 24, 3);
INSERT INTO `xq_relation_tag` VALUES (136, 66, 'ACG', 'image_project', 21, 3);
INSERT INTO `xq_relation_tag` VALUES (137, 67, '唯美', 'image_project', 21, 3);
INSERT INTO `xq_relation_tag` VALUES (138, 70, '圣剑传说', 'image_project', 21, 3);
INSERT INTO `xq_relation_tag` VALUES (139, 72, '黑暗之魂', 'image_project', 21, 3);

-- ----------------------------
-- Table structure for xq_role
-- ----------------------------
DROP TABLE IF EXISTS `xq_role`;
CREATE TABLE `xq_role`  (
  `id` bigint(20) UNSIGNED NOT NULL AUTO_INCREMENT,
  `name` varchar(1000) CHARACTER SET utf8mb4 COLLATE utf8mb4_bin NULL DEFAULT '' COMMENT '名称',
  `weight` int(11) NULL DEFAULT 0 COMMENT '权重',
  `created_at` datetime(0) NULL DEFAULT CURRENT_TIMESTAMP(0),
  PRIMARY KEY (`id`) USING BTREE
) ENGINE = InnoDB AUTO_INCREMENT = 36 CHARACTER SET = utf8mb4 COLLATE = utf8mb4_bin COMMENT = '角色表' ROW_FORMAT = Dynamic;

-- ----------------------------
-- Records of xq_role
-- ----------------------------
INSERT INTO `xq_role` VALUES (1, '管理员', 100, '2020-06-07 20:55:59');
INSERT INTO `xq_role` VALUES (35, '用户', 0, '2020-06-26 11:40:40');

-- ----------------------------
-- Table structure for xq_role_permission
-- ----------------------------
DROP TABLE IF EXISTS `xq_role_permission`;
CREATE TABLE `xq_role_permission`  (
  `id` bigint(20) UNSIGNED NOT NULL AUTO_INCREMENT,
  `role_id` bigint(20) UNSIGNED NULL DEFAULT 0 COMMENT 'xq_role.id',
  `admin_permission_id` bigint(20) UNSIGNED NULL DEFAULT 0 COMMENT 'xq_admin_permission.id',
  `created_at` datetime(0) NULL DEFAULT CURRENT_TIMESTAMP(0),
  PRIMARY KEY (`id`) USING BTREE
) ENGINE = InnoDB AUTO_INCREMENT = 267 CHARACTER SET = utf8mb4 COLLATE = utf8mb4_bin COMMENT = '角色-权限-关联表' ROW_FORMAT = Dynamic;

-- ----------------------------
-- Records of xq_role_permission
-- ----------------------------
INSERT INTO `xq_role_permission` VALUES (252, 1, 1, '2020-07-13 12:05:55');
INSERT INTO `xq_role_permission` VALUES (253, 1, 2, '2020-07-13 12:05:55');
INSERT INTO `xq_role_permission` VALUES (254, 1, 3, '2020-07-13 12:05:55');
INSERT INTO `xq_role_permission` VALUES (255, 1, 4, '2020-07-13 12:05:55');
INSERT INTO `xq_role_permission` VALUES (256, 1, 7, '2020-07-13 12:05:55');
INSERT INTO `xq_role_permission` VALUES (257, 1, 8, '2020-07-13 12:05:55');
INSERT INTO `xq_role_permission` VALUES (258, 1, 9, '2020-07-13 12:05:55');
INSERT INTO `xq_role_permission` VALUES (259, 1, 10, '2020-07-13 12:05:55');
INSERT INTO `xq_role_permission` VALUES (260, 1, 11, '2020-07-13 12:05:55');
INSERT INTO `xq_role_permission` VALUES (261, 1, 12, '2020-07-13 12:05:55');
INSERT INTO `xq_role_permission` VALUES (262, 1, 13, '2020-07-13 12:05:55');
INSERT INTO `xq_role_permission` VALUES (263, 1, 14, '2020-07-13 12:05:55');
INSERT INTO `xq_role_permission` VALUES (264, 1, 15, '2020-07-13 12:05:55');
INSERT INTO `xq_role_permission` VALUES (265, 1, 16, '2020-07-13 12:05:55');
INSERT INTO `xq_role_permission` VALUES (266, 1, 17, '2020-07-13 12:05:55');
INSERT INTO `xq_role_permission` VALUES (267, 1, 18, '2020-07-13 12:05:55');

-- ----------------------------
-- Table structure for xq_subject
-- ----------------------------
DROP TABLE IF EXISTS `xq_subject`;
CREATE TABLE `xq_subject`  (
  `id` bigint(20) UNSIGNED NOT NULL AUTO_INCREMENT,
  `name` varchar(255) CHARACTER SET utf8mb4 COLLATE utf8mb4_bin NULL DEFAULT '' COMMENT '名称',
  `description` varchar(1000) CHARACTER SET utf8mb4 COLLATE utf8mb4_bin NULL DEFAULT '' COMMENT '描述',
  `thumb` varchar(500) CHARACTER SET utf8mb4 COLLATE utf8mb4_bin NULL DEFAULT '' COMMENT '封面',
  `attr` text CHARACTER SET utf8mb4 COLLATE utf8mb4_bin NULL COMMENT 'json:其他属性',
  `weight` int(11) NULL DEFAULT 0 COMMENT '权重',
  `created_at` datetime(0) NULL DEFAULT CURRENT_TIMESTAMP(0),
  `updated_at` datetime(0) NULL DEFAULT CURRENT_TIMESTAMP(0) ON UPDATE CURRENT_TIMESTAMP(0),
  `module_id` bigint(20) UNSIGNED NULL DEFAULT 0 COMMENT 'xq_module.id',
  PRIMARY KEY (`id`) USING BTREE,
  UNIQUE INDEX `name`(`name`) USING BTREE
) ENGINE = InnoDB AUTO_INCREMENT = 18 CHARACTER SET = utf8mb4 COLLATE = utf8mb4_bin COMMENT = '主体表' ROW_FORMAT = Dynamic;

-- ----------------------------
-- Records of xq_subject
-- ----------------------------
INSERT INTO `xq_subject` VALUES (1, '李焱', 'test ...', '20200614/TsXc9jkdaFOg0WXYQzACANRNI65Eg7JOQSVprzxW.jpeg', '[{\"field\":\"身高\",\"value\":\"167cm\"},{\"field\":\"体重\",\"value\":\"55kg\"},{\"field\":\"兴趣\",\"value\":\"拍摄、旅游\"},{\"field\":\"\",\"value\":\"\"},{\"field\":\"\",\"value\":\"\"}]', 10, '2020-06-14 16:44:02', '2020-07-13 10:55:32', 1);
INSERT INTO `xq_subject` VALUES (9, '徐cake', '000', '20200614/U5n21eXv2jPX9ZaRVbCl14nx4EqBvDmdkOYnwG9o.jpeg', '[{\"field\":\"姓名\",\"value\":\"徐cake\"},{\"field\":\"身高\",\"value\":\"165cm\"},{\"field\":\"体重\",\"value\":\"55kg\"},{\"field\":\"兴趣\",\"value\":\"摄影\"}]', 1, '2020-06-14 16:52:55', '2020-06-25 10:37:08', 1);
INSERT INTO `xq_subject` VALUES (10, '姗姗', '', '20200623/5fiBAEDDlvmA4tNbg7swXilRO5lurIeYho3Flox7.jpeg', '[{\"field\":\"\",\"value\":\"\"}]', 0, '2020-06-23 21:23:28', '2020-06-25 10:37:15', 1);
INSERT INTO `xq_subject` VALUES (11, '陶喜乐', '', '20200623/xrzmQRwcdDPKibzVrEhwcrjmSZS93STWW04va9kg.jpeg', '[{\"field\":\"\",\"value\":\"\"}]', 0, '2020-06-23 21:24:24', '2020-06-25 10:38:45', 1);
INSERT INTO `xq_subject` VALUES (12, '糯美子 mini', '米妮大萌萌Mini，也叫黄米妮、苏糯米，内地人气嫩模，微博网络红人，来自上海，童言巨乳的好身材吸引了大量粉丝关注。\n别 名： 黄米妮 苏糯米', '20200623/Tl1ZyUBIMjATu16UxVGuNjUoJqpJlWLar4YbIsMJ.jpeg', '[{\"field\":\"\",\"value\":\"\"}]', 0, '2020-06-23 21:40:34', '2020-07-06 15:50:34', 1);
INSERT INTO `xq_subject` VALUES (13, '模特_卿卿', '', '20200623/QDJ770VtDLjqebbwHUtys7bjsNY9DpDBYc6yGTGh.jpeg', '[{\"field\":\"\",\"value\":\"\"}]', 0, '2020-06-24 03:40:23', '2020-06-25 10:39:02', 1);
INSERT INTO `xq_subject` VALUES (14, '琉璃神社', '好好学习，天天向上', '20200628/xeqzO13uAn9EfGySTOe4A3KGKbRTKbhY8DbwIlj3.jpeg', '[{\"field\":\"名称\",\"value\":\"琉璃神社\"},{\"field\":\"内容\",\"value\":\"提供最新的 ACG 相关资讯\"},{\"field\":\"公告\",\"value\":\"好好学习，天天向上\"}]', 0, '2020-06-28 22:11:36', '2020-06-28 23:33:55', 3);
INSERT INTO `xq_subject` VALUES (15, '游民星空', '', '20200701/GXaypOBponj2scB6sc7MCqs942RPRsv2RIaDR4zH.jpeg', '[{\"field\":\"\",\"value\":\"\"}]', 0, '2020-07-01 23:47:10', '2020-07-01 23:47:10', 3);

-- ----------------------------
-- Table structure for xq_tag
-- ----------------------------
DROP TABLE IF EXISTS `xq_tag`;
CREATE TABLE `xq_tag`  (
  `id` bigint(20) UNSIGNED NOT NULL AUTO_INCREMENT,
  `name` varchar(255) CHARACTER SET utf8 COLLATE utf8_general_ci NULL DEFAULT '' COMMENT '标签名称',
  `weight` int(11) NULL DEFAULT 0 COMMENT '权重',
  `count` int(11) NULL DEFAULT 0 COMMENT '使用次数',
  `created_at` datetime(0) NULL DEFAULT CURRENT_TIMESTAMP(0),
  `updated_at` datetime(0) NULL DEFAULT CURRENT_TIMESTAMP(0) ON UPDATE CURRENT_TIMESTAMP(0),
  `module_id` bigint(20) UNSIGNED NULL DEFAULT 0 COMMENT 'xq_module.id',
  PRIMARY KEY (`id`) USING BTREE,
  UNIQUE INDEX `name_module_id`(`name`, `module_id`) USING BTREE
) ENGINE = InnoDB AUTO_INCREMENT = 104 CHARACTER SET = utf8 COLLATE = utf8_general_ci COMMENT = '标签表' ROW_FORMAT = Dynamic;

-- ----------------------------
-- Records of xq_tag
-- ----------------------------
INSERT INTO `xq_tag` VALUES (1, '犬夜叉', 0, 0, '2020-06-13 22:52:33', '2020-07-13 12:00:14', 1);
INSERT INTO `xq_tag` VALUES (2, '火影忍者', 10, 0, '2020-06-13 22:52:56', '2020-06-25 10:58:20', 1);
INSERT INTO `xq_tag` VALUES (3, '海贼王', 0, 0, '2020-06-13 22:53:05', '2020-06-25 10:59:31', 1);
INSERT INTO `xq_tag` VALUES (20, '死神', 0, 0, '2020-06-16 00:15:17', '2020-06-25 10:59:31', 1);
INSERT INTO `xq_tag` VALUES (22, '嫩模', 0, 1, '2020-06-23 21:08:03', '2020-06-26 11:55:20', 1);
INSERT INTO `xq_tag` VALUES (23, '乳沟', 0, 1, '2020-06-23 21:08:20', '2020-06-26 11:55:20', 1);
INSERT INTO `xq_tag` VALUES (24, '童颜巨乳', 0, 3, '2020-06-23 21:08:32', '2020-06-27 12:20:13', 1);
INSERT INTO `xq_tag` VALUES (25, '酥胸', 0, 1, '2020-06-23 21:08:42', '2020-06-26 11:55:20', 1);
INSERT INTO `xq_tag` VALUES (26, '胴体', 0, 1, '2020-06-23 21:08:56', '2020-06-26 11:55:20', 1);
INSERT INTO `xq_tag` VALUES (27, '若隐如现', 0, 1, '2020-06-23 21:11:20', '2020-06-26 11:55:20', 1);
INSERT INTO `xq_tag` VALUES (28, '诱惑', 0, 0, '2020-06-23 21:11:33', '2020-06-25 10:59:31', 1);
INSERT INTO `xq_tag` VALUES (29, '薄丝', 0, 0, '2020-06-23 21:11:42', '2020-06-25 10:59:31', 1);
INSERT INTO `xq_tag` VALUES (30, '透', 0, 0, '2020-06-23 21:11:47', '2020-06-25 10:59:31', 1);
INSERT INTO `xq_tag` VALUES (31, '二次元', 0, 0, '2020-06-23 21:13:07', '2020-06-25 10:59:31', 1);
INSERT INTO `xq_tag` VALUES (32, '雪白', 0, 0, '2020-06-23 21:21:47', '2020-06-25 10:59:31', 1);
INSERT INTO `xq_tag` VALUES (33, '雪白肌肤', 0, 0, '2020-06-23 21:21:52', '2020-06-25 10:59:31', 1);
INSERT INTO `xq_tag` VALUES (34, '学弟', 0, 0, '2020-06-23 21:22:04', '2020-06-25 10:59:31', 1);
INSERT INTO `xq_tag` VALUES (35, '雪地', 0, 0, '2020-06-23 21:22:11', '2020-06-25 10:59:31', 1);
INSERT INTO `xq_tag` VALUES (36, '吹弹可破', 0, 0, '2020-06-24 03:29:24', '2020-06-25 10:59:31', 1);
INSERT INTO `xq_tag` VALUES (37, '白嫩肌肤', 0, 0, '2020-06-24 03:29:52', '2020-06-25 10:59:31', 1);
INSERT INTO `xq_tag` VALUES (38, '丰满', 0, 0, '2020-06-24 03:29:55', '2020-06-25 10:59:31', 1);
INSERT INTO `xq_tag` VALUES (39, '秀色可餐', 0, 0, '2020-06-24 03:30:07', '2020-06-25 10:59:31', 1);
INSERT INTO `xq_tag` VALUES (43, '粉嫩', 0, 0, '2020-06-25 16:52:41', '2020-06-25 16:52:41', 1);
INSERT INTO `xq_tag` VALUES (44, '娇艳欲滴', 0, 0, '2020-06-25 16:53:13', '2020-06-25 16:53:13', 1);
INSERT INTO `xq_tag` VALUES (45, '嫩', 0, 0, '2020-06-25 16:53:20', '2020-06-25 16:53:20', 1);
INSERT INTO `xq_tag` VALUES (46, '爆乳', 0, 0, '2020-06-25 16:57:18', '2020-06-25 16:57:18', 1);
INSERT INTO `xq_tag` VALUES (47, '臀', 0, 0, '2020-06-25 16:57:39', '2020-06-25 16:57:39', 1);
INSERT INTO `xq_tag` VALUES (48, '雪嫩肌肤', 0, 0, '2020-06-25 17:03:52', '2020-06-25 17:03:52', 1);
INSERT INTO `xq_tag` VALUES (49, '惊艳', 0, 0, '2020-06-25 17:04:06', '2020-06-25 17:04:06', 1);
INSERT INTO `xq_tag` VALUES (50, '可爱', 0, 0, '2020-06-25 17:04:18', '2020-06-25 17:04:18', 1);
INSERT INTO `xq_tag` VALUES (51, '诱人', 0, 1, '2020-06-25 17:04:24', '2020-06-27 12:16:43', 1);
INSERT INTO `xq_tag` VALUES (52, '少女', 0, 0, '2020-06-25 17:04:36', '2020-06-25 17:04:36', 1);
INSERT INTO `xq_tag` VALUES (53, 'ACG', 0, 0, '2020-06-26 10:01:58', '2020-06-26 10:01:58', 1);
INSERT INTO `xq_tag` VALUES (56, '美臀', 0, 1, '2020-06-27 12:16:28', '2020-06-27 12:16:43', 1);
INSERT INTO `xq_tag` VALUES (57, '红唇', 0, 0, '2020-06-27 12:17:18', '2020-06-27 12:17:18', 1);
INSERT INTO `xq_tag` VALUES (58, '娃娃脸', 0, 1, '2020-06-27 12:18:59', '2020-06-27 12:19:01', 1);
INSERT INTO `xq_tag` VALUES (59, '御姐', 0, 1, '2020-06-27 12:19:53', '2020-06-27 12:20:13', 1);
INSERT INTO `xq_tag` VALUES (60, '美艳', 0, 1, '2020-06-27 12:20:12', '2020-06-27 12:20:13', 1);
INSERT INTO `xq_tag` VALUES (66, 'ACG', 0, 10, '2020-06-28 14:30:24', '2020-07-08 17:32:49', 3);
INSERT INTO `xq_tag` VALUES (67, '唯美', 0, 3, '2020-06-28 22:11:58', '2020-07-08 17:32:49', 3);
INSERT INTO `xq_tag` VALUES (68, '塞尔达传说', 0, 1, '2020-07-01 16:33:43', '2020-07-01 16:33:45', 3);
INSERT INTO `xq_tag` VALUES (69, '勇者传说', 0, 1, '2020-07-01 16:39:06', '2020-07-01 16:40:30', 3);
INSERT INTO `xq_tag` VALUES (70, '圣剑传说', 0, 3, '2020-07-01 16:53:57', '2020-07-08 17:32:49', 3);
INSERT INTO `xq_tag` VALUES (71, '火影忍者', 0, 1, '2020-07-01 16:54:02', '2020-07-01 17:00:12', 3);
INSERT INTO `xq_tag` VALUES (72, '黑暗之魂', 0, 3, '2020-07-01 16:54:05', '2020-07-08 17:32:49', 3);
INSERT INTO `xq_tag` VALUES (73, '精灵', 0, 1, '2020-07-01 16:54:11', '2020-07-01 17:00:12', 3);
INSERT INTO `xq_tag` VALUES (74, '男神', 0, 1, '2020-07-01 16:54:30', '2020-07-01 17:00:12', 3);
INSERT INTO `xq_tag` VALUES (75, '女神', 0, 1, '2020-07-01 16:54:33', '2020-07-01 17:00:12', 3);
INSERT INTO `xq_tag` VALUES (76, '数码宝贝', 0, 1, '2020-07-01 16:54:46', '2020-07-01 17:00:12', 3);
INSERT INTO `xq_tag` VALUES (77, '神界：原罪', 0, 1, '2020-07-01 16:55:08', '2020-07-01 17:00:12', 3);
INSERT INTO `xq_tag` VALUES (78, '神界：原罪2', 0, 1, '2020-07-01 16:55:16', '2020-07-01 17:00:12', 3);
INSERT INTO `xq_tag` VALUES (79, '炉石传说', 0, 1, '2020-07-01 16:55:22', '2020-07-01 17:00:12', 3);
INSERT INTO `xq_tag` VALUES (80, '魔兽争霸', 0, 1, '2020-07-01 16:55:25', '2020-07-01 17:00:12', 3);
INSERT INTO `xq_tag` VALUES (81, '魔兽争霸：冰封王座', 0, 1, '2020-07-01 16:55:33', '2020-07-01 17:00:12', 3);
INSERT INTO `xq_tag` VALUES (82, '巫妖王', 0, 1, '2020-07-01 16:55:41', '2020-07-01 17:00:12', 3);
INSERT INTO `xq_tag` VALUES (83, '漩涡鸣人', 0, 1, '2020-07-01 16:55:47', '2020-07-01 17:00:12', 3);
INSERT INTO `xq_tag` VALUES (84, '宇智波佐助', 0, 1, '2020-07-01 16:55:55', '2020-07-01 17:00:12', 3);
INSERT INTO `xq_tag` VALUES (85, '宇智波鼬', 0, 1, '2020-07-01 16:56:03', '2020-07-01 17:00:12', 3);
INSERT INTO `xq_tag` VALUES (86, '日向雏田', 0, 1, '2020-07-01 16:56:11', '2020-07-01 17:00:12', 3);
INSERT INTO `xq_tag` VALUES (87, '日向宁次', 0, 1, '2020-07-01 16:56:16', '2020-07-01 17:00:12', 3);
INSERT INTO `xq_tag` VALUES (88, '天天', 0, 1, '2020-07-01 16:56:19', '2020-07-01 17:00:12', 3);
INSERT INTO `xq_tag` VALUES (89, '鹿丸', 0, 1, '2020-07-01 16:56:28', '2020-07-01 17:00:12', 3);
INSERT INTO `xq_tag` VALUES (90, '手鞠', 0, 1, '2020-07-01 16:56:34', '2020-07-01 17:00:12', 3);
INSERT INTO `xq_tag` VALUES (91, '小樱', 0, 1, '2020-07-01 16:56:38', '2020-07-01 17:00:12', 3);
INSERT INTO `xq_tag` VALUES (92, '波风水门', 0, 1, '2020-07-01 16:57:00', '2020-07-01 17:00:12', 3);
INSERT INTO `xq_tag` VALUES (93, '玖幸奈', 0, 1, '2020-07-01 16:57:30', '2020-07-01 17:00:12', 3);
INSERT INTO `xq_tag` VALUES (94, '自来也', 0, 1, '2020-07-01 16:57:42', '2020-07-01 17:00:12', 3);
INSERT INTO `xq_tag` VALUES (95, '可爱', 0, 9, '2020-07-12 00:11:28', '2020-07-12 00:14:53', 4);
INSERT INTO `xq_tag` VALUES (96, '少女', 0, 9, '2020-07-12 00:11:30', '2020-07-12 00:14:53', 4);
INSERT INTO `xq_tag` VALUES (97, '女生', 0, 9, '2020-07-12 00:11:33', '2020-07-12 00:14:53', 4);
INSERT INTO `xq_tag` VALUES (98, '青春', 0, 9, '2020-07-12 00:11:38', '2020-07-12 00:14:53', 4);
INSERT INTO `xq_tag` VALUES (99, '活力', 0, 1, '2020-07-12 00:11:40', '2020-07-12 00:12:12', 4);
INSERT INTO `xq_tag` VALUES (100, '元气', 0, 1, '2020-07-12 00:11:44', '2020-07-12 00:12:12', 4);
INSERT INTO `xq_tag` VALUES (101, '美女', 0, 7, '2020-07-12 00:18:32', '2020-07-12 00:19:38', 5);
INSERT INTO `xq_tag` VALUES (102, '少女', 0, 7, '2020-07-12 00:18:35', '2020-07-12 00:19:38', 5);
INSERT INTO `xq_tag` VALUES (103, '女神', 0, 7, '2020-07-12 00:18:39', '2020-07-12 00:19:38', 5);
INSERT INTO `xq_tag` VALUES (104, '哈哈', 0, 7, '2020-07-12 00:18:46', '2020-07-12 00:19:38', 5);

-- ----------------------------
-- Table structure for xq_user
-- ----------------------------
DROP TABLE IF EXISTS `xq_user`;
CREATE TABLE `xq_user`  (
  `id` bigint(20) UNSIGNED NOT NULL AUTO_INCREMENT,
  `username` varchar(255) CHARACTER SET utf8mb4 COLLATE utf8mb4_bin NULL DEFAULT '' COMMENT '用户名',
  `nickname` varchar(255) CHARACTER SET utf8mb4 COLLATE utf8mb4_bin NULL DEFAULT '' COMMENT '昵称',
  `password` varchar(255) CHARACTER SET utf8mb4 COLLATE utf8mb4_bin NULL DEFAULT '' COMMENT '密码',
  `sex` varchar(50) CHARACTER SET utf8mb4 COLLATE utf8mb4_bin NULL DEFAULT 'secret' COMMENT '性别: male-男 female-女 secret-保密 both-两性 shemale-人妖',
  `birthday` date NULL DEFAULT NULL COMMENT '生日',
  `avatar` varchar(500) CHARACTER SET utf8mb4 COLLATE utf8mb4_bin NULL DEFAULT '' COMMENT '头像',
  `last_time` datetime(0) NULL DEFAULT NULL COMMENT '最近登录时间',
  `last_ip` varchar(50) CHARACTER SET utf8mb4 COLLATE utf8mb4_bin NULL DEFAULT '' COMMENT '最近登录ip',
  `phone` varchar(30) CHARACTER SET utf8mb4 COLLATE utf8mb4_bin NULL DEFAULT '' COMMENT '手机',
  `email` varchar(50) CHARACTER SET utf8mb4 COLLATE utf8mb4_bin NULL DEFAULT '' COMMENT '电子邮件',
  `user_group_id` bigint(20) UNSIGNED NULL DEFAULT 0 COMMENT 'xq_user_group.id',
  `description` varchar(1000) CHARACTER SET utf8mb4 COLLATE utf8mb4_bin NULL DEFAULT '' COMMENT '个人简介',
  `created_at` datetime(0) NULL DEFAULT CURRENT_TIMESTAMP(0),
  `updated_at` datetime(0) NULL DEFAULT CURRENT_TIMESTAMP(0) ON UPDATE CURRENT_TIMESTAMP(0),
  PRIMARY KEY (`id`) USING BTREE,
  INDEX `username`(`username`) USING BTREE,
  INDEX `phone`(`phone`) USING BTREE
) ENGINE = InnoDB AUTO_INCREMENT = 4 CHARACTER SET = utf8mb4 COLLATE = utf8mb4_bin COMMENT = '平台用户表' ROW_FORMAT = Dynamic;

-- ----------------------------
-- Records of xq_user
-- ----------------------------
INSERT INTO `xq_user` VALUES (1, 'yueshu', '月舒', '$2y$10$7zeMgfG.EtcCPqblb8U/Mu8UsDinolS7nQds8qLuYJbuQJZG4RAUW', 'secret', '1996-11-07', '20200709/DErW7JRUYlXH7XbJPK6RmVHyPhbAzjjEJEd33Lvt.jpeg', '2020-07-17 00:15:48', '192.168.3.200', '13375086826', 'A576236148946@126.com', 0, '快乐工作，幸福生活', '2020-06-16 17:06:40', '2020-07-17 00:15:48');
INSERT INTO `xq_user` VALUES (4, 'cjlFyR', '', '$2y$10$PLACGR4WVsFawLgS2by0GeK8XibwFVUOGGys3ZAfzPv04VsWc0yHK', 'secret', NULL, '', '2020-07-16 17:04:41', '192.168.3.200', '', '1615980946@qq.com', 0, '', '2020-07-16 16:45:31', '2020-07-16 17:04:41');

-- ----------------------------
-- Table structure for xq_user_group
-- ----------------------------
DROP TABLE IF EXISTS `xq_user_group`;
CREATE TABLE `xq_user_group`  (
  `id` bigint(20) UNSIGNED NOT NULL AUTO_INCREMENT,
  `name` varchar(500) CHARACTER SET utf8mb4 COLLATE utf8mb4_bin NULL DEFAULT NULL COMMENT '组名',
  `p_id` int(11) NULL DEFAULT NULL COMMENT 'xq_user_group.id',
  `created_at` datetime(0) NULL DEFAULT CURRENT_TIMESTAMP(0),
  `updated_at` datetime(0) NULL DEFAULT CURRENT_TIMESTAMP(0) ON UPDATE CURRENT_TIMESTAMP(0),
  `module_id` bigint(20) UNSIGNED NULL DEFAULT 0 COMMENT 'xq_module.id',
  PRIMARY KEY (`id`) USING BTREE,
  UNIQUE INDEX `name`(`name`) USING BTREE
) ENGINE = InnoDB CHARACTER SET = utf8mb4 COLLATE = utf8mb4_bin COMMENT = '用户组' ROW_FORMAT = Dynamic;

-- ----------------------------
-- Table structure for xq_user_group_permission
-- ----------------------------
DROP TABLE IF EXISTS `xq_user_group_permission`;
CREATE TABLE `xq_user_group_permission`  (
  `id` bigint(20) UNSIGNED NOT NULL AUTO_INCREMENT,
  `user_group_id` bigint(20) UNSIGNED NULL DEFAULT 0 COMMENT 'xq_user_group.id',
  `permission_id` bigint(20) UNSIGNED NULL DEFAULT 0 COMMENT 'xq_permission.id',
  PRIMARY KEY (`id`) USING BTREE,
  UNIQUE INDEX `permission`(`user_group_id`, `permission_id`) USING BTREE
) ENGINE = InnoDB CHARACTER SET = utf8mb4 COLLATE = utf8mb4_bin COMMENT = '用户组-用户权限 关联表' ROW_FORMAT = Dynamic;

-- ----------------------------
-- Table structure for xq_user_permission
-- ----------------------------
DROP TABLE IF EXISTS `xq_user_permission`;
CREATE TABLE `xq_user_permission`  (
  `id` bigint(20) UNSIGNED NOT NULL AUTO_INCREMENT,
  `name` varchar(255) CHARACTER SET utf8mb4 COLLATE utf8mb4_bin NULL DEFAULT '' COMMENT '权限名称',
  `description` varchar(500) CHARACTER SET utf8mb4 COLLATE utf8mb4_bin NULL DEFAULT '' COMMENT '权限描述',
  `enable` tinyint(4) NULL DEFAULT 1 COMMENT '是否启用：0-否 1-是',
  `created_at` datetime(0) NULL DEFAULT CURRENT_TIMESTAMP(0),
  `updated_at` datetime(0) NULL DEFAULT CURRENT_TIMESTAMP(0) ON UPDATE CURRENT_TIMESTAMP(0),
  `module_id` bigint(20) UNSIGNED NULL DEFAULT 0 COMMENT 'xq_module.id',
  PRIMARY KEY (`id`) USING BTREE
) ENGINE = InnoDB CHARACTER SET = utf8mb4 COLLATE = utf8mb4_bin COMMENT = '平台用户-权限表' ROW_FORMAT = Dynamic;

-- ----------------------------
-- Table structure for xq_user_token
-- ----------------------------
DROP TABLE IF EXISTS `xq_user_token`;
CREATE TABLE `xq_user_token`  (
  `id` bigint(20) UNSIGNED NOT NULL AUTO_INCREMENT,
  `user_id` bigint(20) UNSIGNED NULL DEFAULT 0 COMMENT 'xq_user.id',
  `token` varchar(500) CHARACTER SET utf8mb4 COLLATE utf8mb4_0900_ai_ci NULL DEFAULT NULL COMMENT 'token',
  `expired` datetime(0) NOT NULL COMMENT '过期时间',
  `created_at` datetime(0) NULL DEFAULT CURRENT_TIMESTAMP(0),
  PRIMARY KEY (`id`) USING BTREE,
  UNIQUE INDEX `token`(`token`) USING BTREE
) ENGINE = InnoDB AUTO_INCREMENT = 75 CHARACTER SET = utf8mb4 COLLATE = utf8mb4_0900_ai_ci COMMENT = '平台用户登录表' ROW_FORMAT = Dynamic;

-- ----------------------------
-- Records of xq_user_token
-- ----------------------------
INSERT INTO `xq_user_token` VALUES (34, 1, 'c9756w4S88d5OauLD66Hr62g87bX45mz', '2020-07-14 02:36:01', '2020-07-07 10:36:01');
INSERT INTO `xq_user_token` VALUES (35, 1, 'V42kB6624RUwW32ofbH94I2x18Xeo712', '2020-07-14 11:56:03', '2020-07-07 11:56:03');
INSERT INTO `xq_user_token` VALUES (36, 1, '5q66K98Zhg20Yu87OGw515k1K5t60uV5', '2020-07-14 14:59:47', '2020-07-07 14:59:47');
INSERT INTO `xq_user_token` VALUES (37, 1, 'W88mr4G19w2Tr8N6A73dv7p1069953fV', '2020-07-14 15:12:35', '2020-07-07 15:12:35');
INSERT INTO `xq_user_token` VALUES (38, 1, 'Q65MqqmAJgbejPpJ2OO0E2X3IP06U5yl', '2020-07-14 23:09:56', '2020-07-07 23:09:56');
INSERT INTO `xq_user_token` VALUES (39, 1, '474u9fx52Al99Snm1Lm115taYK9IZa10', '2020-07-15 17:43:46', '2020-07-08 17:43:46');
INSERT INTO `xq_user_token` VALUES (40, 1, '6oQ885z8DvotFuGY9q375n803e33Zj19', '2020-07-15 18:30:31', '2020-07-08 18:30:31');
INSERT INTO `xq_user_token` VALUES (41, 1, '172Z91U2fukOH5aE50116086xYBb4298', '2020-07-15 19:19:32', '2020-07-08 19:19:32');
INSERT INTO `xq_user_token` VALUES (42, 1, '904IhSo4M6799998W949bxC8M8OB1clK', '2020-07-16 10:14:57', '2020-07-09 10:14:57');
INSERT INTO `xq_user_token` VALUES (43, 1, 'iZG6089R761KW4NDb6l1G7650dk299DM', '2020-07-16 11:09:04', '2020-07-09 11:09:04');
INSERT INTO `xq_user_token` VALUES (44, 1, '8K2J877jK34250GjLOW5p8l91KvSfUk2', '2020-07-16 11:17:32', '2020-07-09 11:17:32');
INSERT INTO `xq_user_token` VALUES (45, 1, '8c2JTD0r746719C33mXr1Wcwnj9G7f9B', '2020-07-16 14:37:47', '2020-07-09 14:37:47');
INSERT INTO `xq_user_token` VALUES (46, 1, '97dfSKy3dwt583vgX8u1hElo38550322', '2020-07-16 16:19:12', '2020-07-09 16:19:12');
INSERT INTO `xq_user_token` VALUES (47, 1, '0Q2w7wGTS89Rbui97FK4G77z6a1dqL00', '2020-07-16 17:26:01', '2020-07-09 17:26:01');
INSERT INTO `xq_user_token` VALUES (48, 1, 'UEn87B9sxt83F413F4443YMIHO5tiaL6', '2020-07-16 17:35:18', '2020-07-09 17:35:18');
INSERT INTO `xq_user_token` VALUES (49, 1, 'V21gCPt0e3736gcPOH3R1600tYv80F5d', '2020-07-17 11:27:21', '2020-07-10 11:27:21');
INSERT INTO `xq_user_token` VALUES (50, 1, '5u15OJhJZ31l635FQ0I27Ix15s25S1MA', '2020-07-17 11:30:14', '2020-07-10 11:30:14');
INSERT INTO `xq_user_token` VALUES (51, 1, '27U265xO388A3A2J2jNmFywrVj32Sg8N', '2020-07-17 11:32:45', '2020-07-10 11:32:45');
INSERT INTO `xq_user_token` VALUES (52, 1, 'e8KXXz1q85y8YX7M7HVz9aye27t7065W', '2020-07-17 11:33:32', '2020-07-10 11:33:32');
INSERT INTO `xq_user_token` VALUES (53, 1, '97oqIH8X3FC722PK9e177u162IWYs73r', '2020-07-17 11:34:41', '2020-07-10 11:34:41');
INSERT INTO `xq_user_token` VALUES (54, 1, 'yI3m905yCxxsytamN449774eRM1K01U8', '2020-07-17 11:35:40', '2020-07-10 11:35:40');
INSERT INTO `xq_user_token` VALUES (55, 1, '143011322xz21877Y32v0TaUpBL59Y44', '2020-07-17 11:36:06', '2020-07-10 11:36:06');
INSERT INTO `xq_user_token` VALUES (56, 1, 'F53idK98AL9M37ztn0g5zX7e32LKS763', '2020-07-17 11:36:33', '2020-07-10 11:36:33');
INSERT INTO `xq_user_token` VALUES (57, 1, '2IZrwdrn0ncv290J4997C51W47n583qN', '2020-07-17 12:53:26', '2020-07-10 12:53:26');
INSERT INTO `xq_user_token` VALUES (58, 1, 'QwpwCsY6735c610WWUrW1N4zD6j4226W', '2020-07-18 18:14:58', '2020-07-11 18:14:58');
INSERT INTO `xq_user_token` VALUES (59, 1, 'Z3JjM2279C083onsx9bQ86173W3v9XLS', '2020-07-18 21:40:39', '2020-07-11 21:40:39');
INSERT INTO `xq_user_token` VALUES (60, 1, 'VZ007EY9pz4609oZGP18399AVNr61rV3', '2020-07-18 23:31:46', '2020-07-11 23:31:46');
INSERT INTO `xq_user_token` VALUES (61, 1, '416y0099pO41JT60ijfbM3298z1f8AcX', '2020-07-18 23:32:37', '2020-07-11 23:32:37');
INSERT INTO `xq_user_token` VALUES (62, 1, '0456j37M6EjOSA52krgHn6S29489mLIC', '2020-07-19 00:21:24', '2020-07-12 00:21:24');
INSERT INTO `xq_user_token` VALUES (63, 1, '7B69Q1Rp6gQ7hA4bO22w03BZG112H6bF', '2020-07-19 00:38:52', '2020-07-12 00:38:52');
INSERT INTO `xq_user_token` VALUES (64, 1, 'Q03hT83x011f3m0q1GAovlZ3I3VS40y2', '2020-07-19 01:06:52', '2020-07-12 01:06:52');
INSERT INTO `xq_user_token` VALUES (65, 1, 'GM2V090231308Wn701r36074YBe0tc9G', '2020-07-19 10:59:03', '2020-07-12 10:59:03');
INSERT INTO `xq_user_token` VALUES (66, 1, '7884t480t5GFN4JSS2c0s6E584H0Sl78', '2020-07-19 10:59:45', '2020-07-12 10:59:45');
INSERT INTO `xq_user_token` VALUES (67, 1, '8m8m01cfpT8i21HKO5S6g7238YS3eQ88', '2020-07-19 11:01:43', '2020-07-12 11:01:43');
INSERT INTO `xq_user_token` VALUES (68, 1, 'H2x5509Y47q6SM12tkBM55R65q2057nY', '2020-07-19 15:58:07', '2020-07-12 15:58:07');
INSERT INTO `xq_user_token` VALUES (69, 1, 'ZXVLHKGYW6BDm18N5Gl31J9wts67z1kC', '2020-07-19 16:59:26', '2020-07-12 16:59:26');
INSERT INTO `xq_user_token` VALUES (70, 1, 'WoHnK15P7831X109y5L32p6qvD8P2qYO', '2020-07-20 18:44:17', '2020-07-13 18:44:17');
INSERT INTO `xq_user_token` VALUES (71, 1, 'p78U9p80KA4634mbtLh2t58g0352X961', '2020-07-20 21:58:34', '2020-07-13 21:58:34');
INSERT INTO `xq_user_token` VALUES (72, 1, '53r84Kg829pbB5t7XD75l413f0SBd2C1', '2020-07-20 21:59:24', '2020-07-13 21:59:24');
INSERT INTO `xq_user_token` VALUES (73, 1, '873XZlO1377O3276Yf189z421t3t57B6', '2020-07-22 13:24:27', '2020-07-15 13:24:27');
INSERT INTO `xq_user_token` VALUES (74, 1, '01Mm4j7o0kLH336I35E5SPk1120WZ6q9', '2020-07-22 15:27:02', '2020-07-15 15:27:02');
INSERT INTO `xq_user_token` VALUES (75, 1, '5oaVx28S072GR4a481P1g5131955khL6', '2020-07-23 11:33:44', '2020-07-16 11:33:44');
INSERT INTO `xq_user_token` VALUES (76, 1, 'I49rc85tZ3j2La46496XRNB1820843E7', '2020-07-23 11:34:06', '2020-07-16 11:34:06');
INSERT INTO `xq_user_token` VALUES (77, 1, 'q2TmK53MfM0TQy64in7347qf838ls2O9', '2020-07-23 11:34:15', '2020-07-16 11:34:15');
INSERT INTO `xq_user_token` VALUES (78, 1, 'TTT6qZ8Cn59V8mg4A683O50Z2c0FUL95', '2020-07-23 12:30:35', '2020-07-16 12:30:35');
INSERT INTO `xq_user_token` VALUES (79, 1, 'N482MBp8No8WX3b0MM57aAjHJE1G5yQg', '2020-07-23 12:57:28', '2020-07-16 12:57:28');
INSERT INTO `xq_user_token` VALUES (80, 1, 'ba8w1203t1kWg83874Y59R3A7N246668', '2020-07-23 14:47:14', '2020-07-16 14:47:14');
INSERT INTO `xq_user_token` VALUES (81, 1, '5tV68p4l48qL1J30xhmeY805108d9986', '2020-07-23 14:47:27', '2020-07-16 14:47:27');
INSERT INTO `xq_user_token` VALUES (82, 4, 'p91PK7C39lG74hu8blcuWYJ44l74V593', '2020-07-23 16:45:31', '2020-07-16 16:45:31');
INSERT INTO `xq_user_token` VALUES (83, 1, '7ap6092T1S1CX76ll9w172JW04u1IS61', '2020-07-23 16:49:56', '2020-07-16 16:49:56');
INSERT INTO `xq_user_token` VALUES (84, 1, 'a9i4Rj0XJ0063l3K14F98ghHe1441rZ2', '2020-07-23 16:54:24', '2020-07-16 16:54:24');
INSERT INTO `xq_user_token` VALUES (85, 1, 'X4Z0Rw381iw16Dd8Hn5TkHtL7QWd0y0R', '2020-07-23 16:56:26', '2020-07-16 16:56:26');
INSERT INTO `xq_user_token` VALUES (86, 1, '8MGO88gK0mKF4U5brN9Uf97543ByHQ11', '2020-07-23 17:02:23', '2020-07-16 17:02:23');
INSERT INTO `xq_user_token` VALUES (87, 4, 'xN742LWNH3U7EK1YX2q4TT3l4vxI6ZHi', '2020-07-23 17:02:50', '2020-07-16 17:02:50');
INSERT INTO `xq_user_token` VALUES (88, 1, '24S875K0TKcI0k3We68zJsb2VsRF0r4v', '2020-07-23 17:03:59', '2020-07-16 17:03:59');
INSERT INTO `xq_user_token` VALUES (89, 4, '96nX0IL7OCs66yL3ma25C5120o5Wt74B', '2020-07-23 17:04:41', '2020-07-16 17:04:41');
INSERT INTO `xq_user_token` VALUES (90, 1, '7Mtsc676k2dA43I162X6946I09I1sm4j', '2020-07-23 19:34:01', '2020-07-16 19:34:01');
INSERT INTO `xq_user_token` VALUES (91, 1, '05U15T1yhAE4k7R3q8Q55oFd846102Ju', '2020-07-24 00:15:48', '2020-07-17 00:15:48');

SET FOREIGN_KEY_CHECKS = 1;
